Record number,Agent's name,Agent's record number,Action,Effect,Artificial effect
0,0,0,board_fast0_p3_n0_n0_n1,(passengers fast0 n1),(P_ARTIFICIAL1 )
1,0,1,board_fast0_p3_n0_n1_n2,(passengers fast0 n2),(P_ARTIFICIAL3 )
2,0,2,board_fast0_p3_n8_n0_n1,(passengers fast0 n1),(P_ARTIFICIAL1 )
3,0,3,board_fast0_p3_n8_n1_n2,(passengers fast0 n2),(P_ARTIFICIAL3 )
4,0,4,leave_fast0_p3_n8_n1_n0,(passengers fast0 n0),(P_ARTIFICIAL0 )
5,0,5,board_fast0_p3_n0_n0_n1,(boarded p3 fast0),(P_ARTIFICIAL2 )
6,0,6,board_fast0_p1_n8_n0_n1,(boarded p1 fast0),(P_ARTIFICIAL5 )
7,0,7,board_fast0_p3_n8_n2_n3,(passengers fast0 n3),(P_ARTIFICIAL4 )
8,0,8,board_fast0_p0_n8_n0_n1,(boarded p0 fast0),(P_ARTIFICIAL6 )
9,0,9,board_fast0_p2_n8_n0_n1,(boarded p2 fast0),(P_ARTIFICIAL7 )
10,0,10,board_fast0_p3_n2_n0_n1,(passengers fast0 n1),(P_ARTIFICIAL1 )
11,0,11,board_fast0_p3_n2_n1_n2,(passengers fast0 n2),(P_ARTIFICIAL3 )
12,0,12,leave_fast0_p3_n0_n1_n0,(passengers fast0 n0),(P_ARTIFICIAL0 )
13,0,13,board_fast0_p3_n4_n0_n1,(passengers fast0 n1),(P_ARTIFICIAL1 )
14,0,14,board_fast0_p3_n4_n1_n2,(passengers fast0 n2),(P_ARTIFICIAL3 )
15,0,15,leave_fast0_p3_n2_n1_n0,(passengers fast0 n0),(P_ARTIFICIAL0 )
16,0,16,board_fast0_p3_n0_n1_n2,(boarded p3 fast0),(P_ARTIFICIAL2 )
17,0,17,board_fast0_p1_n0_n0_n1,(boarded p1 fast0),(P_ARTIFICIAL5 )
18,0,18,board_fast0_p3_n0_n2_n3,(passengers fast0 n3),(P_ARTIFICIAL4 )
19,0,19,board_fast0_p0_n0_n0_n1,(boarded p0 fast0),(P_ARTIFICIAL6 )
20,0,20,board_fast0_p2_n4_n0_n1,(boarded p2 fast0),(P_ARTIFICIAL7 )
21,0,21,board_fast0_p3_n6_n0_n1,(passengers fast0 n1),(P_ARTIFICIAL1 )
22,0,22,board_fast0_p3_n6_n1_n2,(passengers fast0 n2),(P_ARTIFICIAL3 )
23,0,23,leave_fast0_p3_n4_n1_n0,(passengers fast0 n0),(P_ARTIFICIAL0 )
24,0,24,board_fast0_p3_n8_n0_n1,(boarded p3 fast0),(P_ARTIFICIAL2 )
25,0,25,board_fast0_p1_n2_n0_n1,(boarded p1 fast0),(P_ARTIFICIAL5 )
26,0,26,board_fast0_p3_n2_n2_n3,(passengers fast0 n3),(P_ARTIFICIAL4 )
27,0,27,board_fast0_p0_n2_n0_n1,(boarded p0 fast0),(P_ARTIFICIAL6 )
28,0,28,board_fast0_p2_n6_n0_n1,(boarded p2 fast0),(P_ARTIFICIAL7 )
29,0,29,leave_fast0_p3_n8_n2_n1,(passengers fast0 n1),(P_ARTIFICIAL1 )
30,0,30,leave_fast0_p3_n8_n3_n2,(passengers fast0 n2),(P_ARTIFICIAL3 )
31,0,31,leave_fast0_p3_n6_n1_n0,(passengers fast0 n0),(P_ARTIFICIAL0 )
32,0,32,leave_fast0_p3_n0_n2_n1,(passengers fast0 n1),(P_ARTIFICIAL1 )
33,0,33,leave_fast0_p3_n0_n3_n2,(passengers fast0 n2),(P_ARTIFICIAL3 )
34,0,34,leave_fast0_p1_n8_n1_n0,(passengers fast0 n0),(P_ARTIFICIAL0 )
35,0,35,leave_fast0_p3_n2_n2_n1,(passengers fast0 n1),(P_ARTIFICIAL1 )
36,0,36,leave_fast0_p3_n2_n3_n2,(passengers fast0 n2),(P_ARTIFICIAL3 )
37,0,37,leave_fast0_p0_n8_n1_n0,(passengers fast0 n0),(P_ARTIFICIAL0 )
38,0,38,board_fast0_p3_n2_n0_n1,(boarded p3 fast0),(P_ARTIFICIAL2 )
39,0,39,board_fast0_p1_n4_n0_n1,(boarded p1 fast0),(P_ARTIFICIAL5 )
40,0,40,board_fast0_p3_n4_n2_n3,(passengers fast0 n3),(P_ARTIFICIAL4 )
41,0,41,board_fast0_p0_n4_n0_n1,(boarded p0 fast0),(P_ARTIFICIAL6 )
42,0,42,board_fast0_p2_n8_n1_n2,(boarded p2 fast0),(P_ARTIFICIAL7 )
43,0,43,leave_fast0_p3_n4_n2_n1,(passengers fast0 n1),(P_ARTIFICIAL1 )
44,0,44,leave_fast0_p3_n4_n3_n2,(passengers fast0 n2),(P_ARTIFICIAL3 )
45,0,45,leave_fast0_p2_n8_n1_n0,(passengers fast0 n0),(P_ARTIFICIAL0 )
46,0,46,leave_fast0_p3_n6_n2_n1,(passengers fast0 n1),(P_ARTIFICIAL1 )
47,0,47,leave_fast0_p3_n6_n3_n2,(passengers fast0 n2),(P_ARTIFICIAL3 )
48,0,48,leave_fast0_p1_n0_n1_n0,(passengers fast0 n0),(P_ARTIFICIAL0 )
49,0,49,board_fast0_p3_n4_n0_n1,(boarded p3 fast0),(P_ARTIFICIAL2 )
50,0,50,board_fast0_p1_n6_n0_n1,(boarded p1 fast0),(P_ARTIFICIAL5 )
51,0,51,board_fast0_p3_n6_n2_n3,(passengers fast0 n3),(P_ARTIFICIAL4 )
52,0,52,board_fast0_p0_n6_n0_n1,(boarded p0 fast0),(P_ARTIFICIAL6 )
53,0,53,board_fast0_p2_n4_n1_n2,(boarded p2 fast0),(P_ARTIFICIAL7 )
54,0,54,board_fast0_p1_n8_n0_n1,(passengers fast0 n1),(P_ARTIFICIAL1 )
55,0,55,board_fast0_p1_n8_n1_n2,(passengers fast0 n2),(P_ARTIFICIAL3 )
56,0,56,leave_fast0_p0_n0_n1_n0,(passengers fast0 n0),(P_ARTIFICIAL0 )
57,0,57,board_fast0_p3_n6_n0_n1,(boarded p3 fast0),(P_ARTIFICIAL2 )
58,0,58,board_fast0_p1_n8_n1_n2,(boarded p1 fast0),(P_ARTIFICIAL5 )
59,0,59,board_fast0_p1_n8_n2_n3,(passengers fast0 n3),(P_ARTIFICIAL4 )
60,0,60,board_fast0_p0_n8_n1_n2,(boarded p0 fast0),(P_ARTIFICIAL6 )
61,0,61,board_fast0_p2_n6_n1_n2,(boarded p2 fast0),(P_ARTIFICIAL7 )
62,0,62,board_fast0_p0_n8_n0_n1,(passengers fast0 n1),(P_ARTIFICIAL1 )
63,0,63,board_fast0_p0_n8_n1_n2,(passengers fast0 n2),(P_ARTIFICIAL3 )
64,0,64,leave_fast0_p2_n0_n1_n0,(passengers fast0 n0),(P_ARTIFICIAL0 )
65,0,65,board_fast0_p2_n8_n0_n1,(passengers fast0 n1),(P_ARTIFICIAL1 )
66,0,66,board_fast0_p2_n8_n1_n2,(passengers fast0 n2),(P_ARTIFICIAL3 )
67,0,67,leave_fast0_p1_n2_n1_n0,(passengers fast0 n0),(P_ARTIFICIAL0 )
68,0,68,board_fast0_p1_n0_n0_n1,(passengers fast0 n1),(P_ARTIFICIAL1 )
69,0,69,board_fast0_p1_n0_n1_n2,(passengers fast0 n2),(P_ARTIFICIAL3 )
70,0,70,leave_fast0_p0_n2_n1_n0,(passengers fast0 n0),(P_ARTIFICIAL0 )
71,0,71,board_fast0_p3_n8_n1_n2,(boarded p3 fast0),(P_ARTIFICIAL2 )
72,0,72,board_fast0_p1_n0_n1_n2,(boarded p1 fast0),(P_ARTIFICIAL5 )
73,0,73,board_fast0_p0_n8_n2_n3,(passengers fast0 n3),(P_ARTIFICIAL4 )
74,0,74,board_fast0_p0_n0_n1_n2,(boarded p0 fast0),(P_ARTIFICIAL6 )
75,0,75,board_fast0_p2_n0_n0_n1,(boarded p2 fast0),(P_ARTIFICIAL7 )
76,0,76,board_fast0_p0_n0_n0_n1,(passengers fast0 n1),(P_ARTIFICIAL1 )
77,0,77,board_fast0_p0_n0_n1_n2,(passengers fast0 n2),(P_ARTIFICIAL3 )
78,0,78,leave_fast0_p2_n2_n1_n0,(passengers fast0 n0),(P_ARTIFICIAL0 )
79,0,79,board_fast0_p1_n2_n0_n1,(passengers fast0 n1),(P_ARTIFICIAL1 )
80,0,80,board_fast0_p1_n2_n1_n2,(passengers fast0 n2),(P_ARTIFICIAL3 )
81,0,81,leave_fast0_p1_n4_n1_n0,(passengers fast0 n0),(P_ARTIFICIAL0 )
82,0,82,board_fast0_p3_n2_n1_n2,(boarded p3 fast0),(P_ARTIFICIAL2 )
83,0,83,board_fast0_p1_n2_n1_n2,(boarded p1 fast0),(P_ARTIFICIAL5 )
84,0,84,board_fast0_p2_n8_n2_n3,(passengers fast0 n3),(P_ARTIFICIAL4 )
85,0,85,board_fast0_p0_n2_n1_n2,(boarded p0 fast0),(P_ARTIFICIAL6 )
86,0,86,board_fast0_p2_n2_n0_n1,(boarded p2 fast0),(P_ARTIFICIAL7 )
87,0,87,board_fast0_p0_n2_n0_n1,(passengers fast0 n1),(P_ARTIFICIAL1 )
88,0,88,board_fast0_p0_n2_n1_n2,(passengers fast0 n2),(P_ARTIFICIAL3 )
89,0,89,leave_fast0_p0_n4_n1_n0,(passengers fast0 n0),(P_ARTIFICIAL0 )
90,0,90,board_fast0_p1_n4_n0_n1,(passengers fast0 n1),(P_ARTIFICIAL1 )
91,0,91,board_fast0_p1_n4_n1_n2,(passengers fast0 n2),(P_ARTIFICIAL3 )
92,0,92,leave_fast0_p2_n4_n1_n0,(passengers fast0 n0),(P_ARTIFICIAL0 )
93,0,93,board_fast0_p3_n4_n1_n2,(boarded p3 fast0),(P_ARTIFICIAL2 )
94,0,94,board_fast0_p1_n4_n1_n2,(boarded p1 fast0),(P_ARTIFICIAL5 )
95,0,95,board_fast0_p1_n0_n2_n3,(passengers fast0 n3),(P_ARTIFICIAL4 )
96,0,96,board_fast0_p0_n4_n1_n2,(boarded p0 fast0),(P_ARTIFICIAL6 )
97,0,97,board_fast0_p2_n0_n1_n2,(boarded p2 fast0),(P_ARTIFICIAL7 )
98,0,98,board_fast0_p0_n4_n0_n1,(passengers fast0 n1),(P_ARTIFICIAL1 )
99,0,99,board_fast0_p0_n4_n1_n2,(passengers fast0 n2),(P_ARTIFICIAL3 )
100,0,100,leave_fast0_p1_n6_n1_n0,(passengers fast0 n0),(P_ARTIFICIAL0 )
101,0,101,board_fast0_p2_n4_n0_n1,(passengers fast0 n1),(P_ARTIFICIAL1 )
102,0,102,board_fast0_p2_n4_n1_n2,(passengers fast0 n2),(P_ARTIFICIAL3 )
103,0,103,leave_fast0_p0_n6_n1_n0,(passengers fast0 n0),(P_ARTIFICIAL0 )
104,0,104,board_fast0_p3_n6_n1_n2,(boarded p3 fast0),(P_ARTIFICIAL2 )
105,0,105,board_fast0_p1_n6_n1_n2,(boarded p1 fast0),(P_ARTIFICIAL5 )
106,0,106,board_fast0_p0_n0_n2_n3,(passengers fast0 n3),(P_ARTIFICIAL4 )
107,0,107,board_fast0_p0_n6_n1_n2,(boarded p0 fast0),(P_ARTIFICIAL6 )
108,0,108,board_fast0_p2_n2_n1_n2,(boarded p2 fast0),(P_ARTIFICIAL7 )
109,0,109,board_fast0_p1_n6_n0_n1,(passengers fast0 n1),(P_ARTIFICIAL1 )
110,0,110,board_fast0_p1_n6_n1_n2,(passengers fast0 n2),(P_ARTIFICIAL3 )
111,0,111,leave_fast0_p2_n6_n1_n0,(passengers fast0 n0),(P_ARTIFICIAL0 )
112,0,112,board_fast0_p3_n8_n2_n3,(boarded p3 fast0),(P_ARTIFICIAL2 )
113,0,113,board_fast0_p1_n8_n2_n3,(boarded p1 fast0),(P_ARTIFICIAL5 )
114,0,114,board_fast0_p2_n0_n2_n3,(passengers fast0 n3),(P_ARTIFICIAL4 )
115,0,115,board_fast0_p0_n8_n2_n3,(boarded p0 fast0),(P_ARTIFICIAL6 )
116,0,116,board_fast0_p2_n8_n2_n3,(boarded p2 fast0),(P_ARTIFICIAL7 )
117,0,117,board_fast0_p0_n6_n0_n1,(passengers fast0 n1),(P_ARTIFICIAL1 )
118,0,118,board_fast0_p0_n6_n1_n2,(passengers fast0 n2),(P_ARTIFICIAL3 )
119,0,119,board_fast0_p2_n6_n0_n1,(passengers fast0 n1),(P_ARTIFICIAL1 )
120,0,120,board_fast0_p2_n6_n1_n2,(passengers fast0 n2),(P_ARTIFICIAL3 )
121,0,121,board_fast0_p3_n0_n2_n3,(boarded p3 fast0),(P_ARTIFICIAL2 )
122,0,122,board_fast0_p1_n0_n2_n3,(boarded p1 fast0),(P_ARTIFICIAL5 )
123,0,123,board_fast0_p1_n2_n2_n3,(passengers fast0 n3),(P_ARTIFICIAL4 )
124,0,124,board_fast0_p0_n0_n2_n3,(boarded p0 fast0),(P_ARTIFICIAL6 )
125,0,125,board_fast0_p2_n0_n2_n3,(boarded p2 fast0),(P_ARTIFICIAL7 )
126,0,126,board_fast0_p2_n0_n0_n1,(passengers fast0 n1),(P_ARTIFICIAL1 )
127,0,127,board_fast0_p2_n0_n1_n2,(passengers fast0 n2),(P_ARTIFICIAL3 )
128,0,128,board_fast0_p2_n2_n0_n1,(passengers fast0 n1),(P_ARTIFICIAL1 )
129,0,129,board_fast0_p2_n2_n1_n2,(passengers fast0 n2),(P_ARTIFICIAL3 )
130,0,130,board_fast0_p3_n2_n2_n3,(boarded p3 fast0),(P_ARTIFICIAL2 )
131,0,131,board_fast0_p1_n2_n2_n3,(boarded p1 fast0),(P_ARTIFICIAL5 )
132,0,132,board_fast0_p0_n2_n2_n3,(passengers fast0 n3),(P_ARTIFICIAL4 )
133,0,133,board_fast0_p0_n2_n2_n3,(boarded p0 fast0),(P_ARTIFICIAL6 )
134,0,134,board_fast0_p2_n2_n2_n3,(boarded p2 fast0),(P_ARTIFICIAL7 )
135,0,135,leave_fast0_p1_n8_n2_n1,(passengers fast0 n1),(P_ARTIFICIAL1 )
136,0,136,leave_fast0_p1_n8_n3_n2,(passengers fast0 n2),(P_ARTIFICIAL3 )
137,0,137,leave_fast0_p0_n8_n2_n1,(passengers fast0 n1),(P_ARTIFICIAL1 )
138,0,138,leave_fast0_p0_n8_n3_n2,(passengers fast0 n2),(P_ARTIFICIAL3 )
139,0,139,leave_fast0_p2_n8_n2_n1,(passengers fast0 n1),(P_ARTIFICIAL1 )
140,0,140,leave_fast0_p2_n8_n3_n2,(passengers fast0 n2),(P_ARTIFICIAL3 )
141,0,141,board_fast0_p3_n4_n2_n3,(boarded p3 fast0),(P_ARTIFICIAL2 )
142,0,142,board_fast0_p1_n4_n2_n3,(boarded p1 fast0),(P_ARTIFICIAL5 )
143,0,143,board_fast0_p2_n2_n2_n3,(passengers fast0 n3),(P_ARTIFICIAL4 )
144,0,144,board_fast0_p0_n4_n2_n3,(boarded p0 fast0),(P_ARTIFICIAL6 )
145,0,145,board_fast0_p2_n4_n2_n3,(boarded p2 fast0),(P_ARTIFICIAL7 )
146,0,146,leave_fast0_p1_n0_n2_n1,(passengers fast0 n1),(P_ARTIFICIAL1 )
147,0,147,leave_fast0_p1_n0_n3_n2,(passengers fast0 n2),(P_ARTIFICIAL3 )
148,0,148,leave_fast0_p0_n0_n2_n1,(passengers fast0 n1),(P_ARTIFICIAL1 )
149,0,149,leave_fast0_p0_n0_n3_n2,(passengers fast0 n2),(P_ARTIFICIAL3 )
150,0,150,board_fast0_p3_n6_n2_n3,(boarded p3 fast0),(P_ARTIFICIAL2 )
151,0,151,board_fast0_p1_n6_n2_n3,(boarded p1 fast0),(P_ARTIFICIAL5 )
152,0,152,board_fast0_p1_n4_n2_n3,(passengers fast0 n3),(P_ARTIFICIAL4 )
153,0,153,board_fast0_p0_n6_n2_n3,(boarded p0 fast0),(P_ARTIFICIAL6 )
154,0,154,board_fast0_p2_n6_n2_n3,(boarded p2 fast0),(P_ARTIFICIAL7 )
155,0,155,leave_fast0_p2_n0_n2_n1,(passengers fast0 n1),(P_ARTIFICIAL1 )
156,0,156,leave_fast0_p2_n0_n3_n2,(passengers fast0 n2),(P_ARTIFICIAL3 )
157,0,157,leave_fast0_p1_n2_n2_n1,(passengers fast0 n1),(P_ARTIFICIAL1 )
158,0,158,leave_fast0_p1_n2_n3_n2,(passengers fast0 n2),(P_ARTIFICIAL3 )
159,0,159,leave_fast0_p0_n2_n2_n1,(passengers fast0 n1),(P_ARTIFICIAL1 )
160,0,160,leave_fast0_p0_n2_n3_n2,(passengers fast0 n2),(P_ARTIFICIAL3 )
161,0,161,leave_fast0_p2_n2_n2_n1,(passengers fast0 n1),(P_ARTIFICIAL1 )
162,0,162,leave_fast0_p2_n2_n3_n2,(passengers fast0 n2),(P_ARTIFICIAL3 )
163,0,163,leave_fast0_p1_n4_n2_n1,(passengers fast0 n1),(P_ARTIFICIAL1 )
164,0,164,leave_fast0_p1_n4_n3_n2,(passengers fast0 n2),(P_ARTIFICIAL3 )
165,0,165,leave_fast0_p0_n4_n2_n1,(passengers fast0 n1),(P_ARTIFICIAL1 )
166,0,166,leave_fast0_p0_n4_n3_n2,(passengers fast0 n2),(P_ARTIFICIAL3 )
167,0,167,leave_fast0_p2_n4_n2_n1,(passengers fast0 n1),(P_ARTIFICIAL1 )
168,0,168,leave_fast0_p2_n4_n3_n2,(passengers fast0 n2),(P_ARTIFICIAL3 )
169,0,169,leave_fast0_p1_n6_n2_n1,(passengers fast0 n1),(P_ARTIFICIAL1 )
170,0,170,leave_fast0_p1_n6_n3_n2,(passengers fast0 n2),(P_ARTIFICIAL3 )
171,0,171,leave_fast0_p0_n6_n2_n1,(passengers fast0 n1),(P_ARTIFICIAL1 )
172,0,172,leave_fast0_p0_n6_n3_n2,(passengers fast0 n2),(P_ARTIFICIAL3 )
173,0,173,leave_fast0_p2_n6_n2_n1,(passengers fast0 n1),(P_ARTIFICIAL1 )
174,0,174,leave_fast0_p2_n6_n3_n2,(passengers fast0 n2),(P_ARTIFICIAL3 )
175,0,175,board_fast0_p0_n4_n2_n3,(passengers fast0 n3),(P_ARTIFICIAL4 )
176,0,176,board_fast0_p2_n4_n2_n3,(passengers fast0 n3),(P_ARTIFICIAL4 )
177,0,177,board_fast0_p1_n6_n2_n3,(passengers fast0 n3),(P_ARTIFICIAL4 )
178,0,178,board_fast0_p0_n6_n2_n3,(passengers fast0 n3),(P_ARTIFICIAL4 )
179,0,179,board_fast0_p2_n6_n2_n3,(passengers fast0 n3),(P_ARTIFICIAL4 )
180,0,180,board_fast0_p3_n0_n0_n1,(not (passengers fast0 n0)),(not (P_ARTIFICIAL0 ))
181,0,181,board_fast0_p3_n0_n1_n2,(not (passengers fast0 n1)),(not (P_ARTIFICIAL1 ))
182,0,182,leave_fast0_p3_n8_n1_n0,(not (boarded p3 fast0)),(not (P_ARTIFICIAL2 ))
183,0,183,leave_fast0_p3_n8_n1_n0,(not (passengers fast0 n1)),(not (P_ARTIFICIAL1 ))
184,0,184,leave_fast0_p3_n0_n1_n0,(not (boarded p3 fast0)),(not (P_ARTIFICIAL2 ))
185,0,185,leave_fast0_p3_n0_n1_n0,(not (passengers fast0 n1)),(not (P_ARTIFICIAL1 ))
186,0,186,leave_fast0_p3_n2_n1_n0,(not (boarded p3 fast0)),(not (P_ARTIFICIAL2 ))
187,0,187,leave_fast0_p3_n2_n1_n0,(not (passengers fast0 n1)),(not (P_ARTIFICIAL1 ))
188,0,188,leave_fast0_p3_n4_n1_n0,(not (boarded p3 fast0)),(not (P_ARTIFICIAL2 ))
189,0,189,leave_fast0_p3_n4_n1_n0,(not (passengers fast0 n1)),(not (P_ARTIFICIAL1 ))
190,0,190,leave_fast0_p3_n6_n1_n0,(not (boarded p3 fast0)),(not (P_ARTIFICIAL2 ))
191,0,191,leave_fast0_p3_n6_n1_n0,(not (passengers fast0 n1)),(not (P_ARTIFICIAL1 ))
192,0,192,board_fast0_p3_n8_n0_n1,(not (passengers fast0 n0)),(not (P_ARTIFICIAL0 ))
193,0,193,board_fast0_p3_n2_n0_n1,(not (passengers fast0 n0)),(not (P_ARTIFICIAL0 ))
194,0,194,board_fast0_p3_n4_n0_n1,(not (passengers fast0 n0)),(not (P_ARTIFICIAL0 ))
195,0,195,board_fast0_p3_n6_n0_n1,(not (passengers fast0 n0)),(not (P_ARTIFICIAL0 ))
196,0,196,board_fast0_p3_n8_n1_n2,(not (passengers fast0 n1)),(not (P_ARTIFICIAL1 ))
197,0,197,board_fast0_p3_n2_n1_n2,(not (passengers fast0 n1)),(not (P_ARTIFICIAL1 ))
198,0,198,board_fast0_p3_n4_n1_n2,(not (passengers fast0 n1)),(not (P_ARTIFICIAL1 ))
199,0,199,board_fast0_p3_n6_n1_n2,(not (passengers fast0 n1)),(not (P_ARTIFICIAL1 ))
200,0,200,board_fast0_p3_n8_n2_n3,(not (passengers fast0 n2)),(not (P_ARTIFICIAL3 ))
201,0,201,board_fast0_p3_n0_n2_n3,(not (passengers fast0 n2)),(not (P_ARTIFICIAL3 ))
202,0,202,board_fast0_p3_n2_n2_n3,(not (passengers fast0 n2)),(not (P_ARTIFICIAL3 ))
203,0,203,board_fast0_p3_n4_n2_n3,(not (passengers fast0 n2)),(not (P_ARTIFICIAL3 ))
204,0,204,board_fast0_p3_n6_n2_n3,(not (passengers fast0 n2)),(not (P_ARTIFICIAL3 ))
205,0,205,leave_fast0_p3_n8_n2_n1,(not (boarded p3 fast0)),(not (P_ARTIFICIAL2 ))
206,0,206,leave_fast0_p3_n8_n2_n1,(not (passengers fast0 n2)),(not (P_ARTIFICIAL3 ))
207,0,207,leave_fast0_p3_n0_n2_n1,(not (boarded p3 fast0)),(not (P_ARTIFICIAL2 ))
208,0,208,leave_fast0_p3_n0_n2_n1,(not (passengers fast0 n2)),(not (P_ARTIFICIAL3 ))
209,0,209,leave_fast0_p3_n2_n2_n1,(not (boarded p3 fast0)),(not (P_ARTIFICIAL2 ))
210,0,210,leave_fast0_p3_n2_n2_n1,(not (passengers fast0 n2)),(not (P_ARTIFICIAL3 ))
211,0,211,leave_fast0_p3_n4_n2_n1,(not (boarded p3 fast0)),(not (P_ARTIFICIAL2 ))
212,0,212,leave_fast0_p3_n4_n2_n1,(not (passengers fast0 n2)),(not (P_ARTIFICIAL3 ))
213,0,213,leave_fast0_p3_n6_n2_n1,(not (boarded p3 fast0)),(not (P_ARTIFICIAL2 ))
214,0,214,leave_fast0_p3_n6_n2_n1,(not (passengers fast0 n2)),(not (P_ARTIFICIAL3 ))
215,0,215,leave_fast0_p3_n8_n3_n2,(not (boarded p3 fast0)),(not (P_ARTIFICIAL2 ))
216,0,216,leave_fast0_p3_n8_n3_n2,(not (passengers fast0 n3)),(not (P_ARTIFICIAL4 ))
217,0,217,leave_fast0_p3_n0_n3_n2,(not (boarded p3 fast0)),(not (P_ARTIFICIAL2 ))
218,0,218,leave_fast0_p3_n0_n3_n2,(not (passengers fast0 n3)),(not (P_ARTIFICIAL4 ))
219,0,219,leave_fast0_p3_n2_n3_n2,(not (boarded p3 fast0)),(not (P_ARTIFICIAL2 ))
220,0,220,leave_fast0_p3_n2_n3_n2,(not (passengers fast0 n3)),(not (P_ARTIFICIAL4 ))
221,0,221,leave_fast0_p3_n4_n3_n2,(not (boarded p3 fast0)),(not (P_ARTIFICIAL2 ))
222,0,222,leave_fast0_p3_n4_n3_n2,(not (passengers fast0 n3)),(not (P_ARTIFICIAL4 ))
223,0,223,leave_fast0_p3_n6_n3_n2,(not (boarded p3 fast0)),(not (P_ARTIFICIAL2 ))
224,0,224,leave_fast0_p3_n6_n3_n2,(not (passengers fast0 n3)),(not (P_ARTIFICIAL4 ))
225,0,225,board_fast0_p1_n8_n0_n1,(not (passengers fast0 n0)),(not (P_ARTIFICIAL0 ))
226,0,226,board_fast0_p0_n8_n0_n1,(not (passengers fast0 n0)),(not (P_ARTIFICIAL0 ))
227,0,227,board_fast0_p2_n8_n0_n1,(not (passengers fast0 n0)),(not (P_ARTIFICIAL0 ))
228,0,228,board_fast0_p1_n0_n0_n1,(not (passengers fast0 n0)),(not (P_ARTIFICIAL0 ))
229,0,229,board_fast0_p0_n0_n0_n1,(not (passengers fast0 n0)),(not (P_ARTIFICIAL0 ))
230,0,230,board_fast0_p1_n2_n0_n1,(not (passengers fast0 n0)),(not (P_ARTIFICIAL0 ))
231,0,231,board_fast0_p0_n2_n0_n1,(not (passengers fast0 n0)),(not (P_ARTIFICIAL0 ))
232,0,232,board_fast0_p1_n4_n0_n1,(not (passengers fast0 n0)),(not (P_ARTIFICIAL0 ))
233,0,233,board_fast0_p0_n4_n0_n1,(not (passengers fast0 n0)),(not (P_ARTIFICIAL0 ))
234,0,234,board_fast0_p2_n4_n0_n1,(not (passengers fast0 n0)),(not (P_ARTIFICIAL0 ))
235,0,235,board_fast0_p1_n6_n0_n1,(not (passengers fast0 n0)),(not (P_ARTIFICIAL0 ))
236,0,236,board_fast0_p0_n6_n0_n1,(not (passengers fast0 n0)),(not (P_ARTIFICIAL0 ))
237,0,237,board_fast0_p2_n6_n0_n1,(not (passengers fast0 n0)),(not (P_ARTIFICIAL0 ))
238,0,238,board_fast0_p1_n8_n1_n2,(not (passengers fast0 n1)),(not (P_ARTIFICIAL1 ))
239,0,239,board_fast0_p0_n8_n1_n2,(not (passengers fast0 n1)),(not (P_ARTIFICIAL1 ))
240,0,240,board_fast0_p2_n8_n1_n2,(not (passengers fast0 n1)),(not (P_ARTIFICIAL1 ))
241,0,241,board_fast0_p1_n0_n1_n2,(not (passengers fast0 n1)),(not (P_ARTIFICIAL1 ))
242,0,242,board_fast0_p0_n0_n1_n2,(not (passengers fast0 n1)),(not (P_ARTIFICIAL1 ))
243,0,243,board_fast0_p1_n2_n1_n2,(not (passengers fast0 n1)),(not (P_ARTIFICIAL1 ))
244,0,244,board_fast0_p0_n2_n1_n2,(not (passengers fast0 n1)),(not (P_ARTIFICIAL1 ))
245,0,245,board_fast0_p1_n4_n1_n2,(not (passengers fast0 n1)),(not (P_ARTIFICIAL1 ))
246,0,246,board_fast0_p0_n4_n1_n2,(not (passengers fast0 n1)),(not (P_ARTIFICIAL1 ))
247,0,247,board_fast0_p2_n4_n1_n2,(not (passengers fast0 n1)),(not (P_ARTIFICIAL1 ))
248,0,248,board_fast0_p1_n6_n1_n2,(not (passengers fast0 n1)),(not (P_ARTIFICIAL1 ))
249,0,249,board_fast0_p0_n6_n1_n2,(not (passengers fast0 n1)),(not (P_ARTIFICIAL1 ))
250,0,250,board_fast0_p2_n6_n1_n2,(not (passengers fast0 n1)),(not (P_ARTIFICIAL1 ))
251,0,251,leave_fast0_p1_n8_n1_n0,(not (boarded p1 fast0)),(not (P_ARTIFICIAL5 ))
252,0,252,leave_fast0_p1_n8_n1_n0,(not (passengers fast0 n1)),(not (P_ARTIFICIAL1 ))
253,0,253,leave_fast0_p0_n8_n1_n0,(not (boarded p0 fast0)),(not (P_ARTIFICIAL6 ))
254,0,254,leave_fast0_p0_n8_n1_n0,(not (passengers fast0 n1)),(not (P_ARTIFICIAL1 ))
255,0,255,leave_fast0_p2_n8_n1_n0,(not (boarded p2 fast0)),(not (P_ARTIFICIAL7 ))
256,0,256,leave_fast0_p2_n8_n1_n0,(not (passengers fast0 n1)),(not (P_ARTIFICIAL1 ))
257,0,257,leave_fast0_p1_n0_n1_n0,(not (boarded p1 fast0)),(not (P_ARTIFICIAL5 ))
258,0,258,leave_fast0_p1_n0_n1_n0,(not (passengers fast0 n1)),(not (P_ARTIFICIAL1 ))
259,0,259,leave_fast0_p0_n0_n1_n0,(not (boarded p0 fast0)),(not (P_ARTIFICIAL6 ))
260,0,260,leave_fast0_p0_n0_n1_n0,(not (passengers fast0 n1)),(not (P_ARTIFICIAL1 ))
261,0,261,leave_fast0_p2_n0_n1_n0,(not (boarded p2 fast0)),(not (P_ARTIFICIAL7 ))
262,0,262,leave_fast0_p2_n0_n1_n0,(not (passengers fast0 n1)),(not (P_ARTIFICIAL1 ))
263,0,263,leave_fast0_p1_n2_n1_n0,(not (boarded p1 fast0)),(not (P_ARTIFICIAL5 ))
264,0,264,leave_fast0_p1_n2_n1_n0,(not (passengers fast0 n1)),(not (P_ARTIFICIAL1 ))
265,0,265,leave_fast0_p0_n2_n1_n0,(not (boarded p0 fast0)),(not (P_ARTIFICIAL6 ))
266,0,266,leave_fast0_p0_n2_n1_n0,(not (passengers fast0 n1)),(not (P_ARTIFICIAL1 ))
267,0,267,leave_fast0_p2_n2_n1_n0,(not (boarded p2 fast0)),(not (P_ARTIFICIAL7 ))
268,0,268,leave_fast0_p2_n2_n1_n0,(not (passengers fast0 n1)),(not (P_ARTIFICIAL1 ))
269,0,269,leave_fast0_p1_n4_n1_n0,(not (boarded p1 fast0)),(not (P_ARTIFICIAL5 ))
270,0,270,leave_fast0_p1_n4_n1_n0,(not (passengers fast0 n1)),(not (P_ARTIFICIAL1 ))
271,0,271,leave_fast0_p0_n4_n1_n0,(not (boarded p0 fast0)),(not (P_ARTIFICIAL6 ))
272,0,272,leave_fast0_p0_n4_n1_n0,(not (passengers fast0 n1)),(not (P_ARTIFICIAL1 ))
273,0,273,leave_fast0_p2_n4_n1_n0,(not (boarded p2 fast0)),(not (P_ARTIFICIAL7 ))
274,0,274,leave_fast0_p2_n4_n1_n0,(not (passengers fast0 n1)),(not (P_ARTIFICIAL1 ))
275,0,275,leave_fast0_p1_n6_n1_n0,(not (boarded p1 fast0)),(not (P_ARTIFICIAL5 ))
276,0,276,leave_fast0_p1_n6_n1_n0,(not (passengers fast0 n1)),(not (P_ARTIFICIAL1 ))
277,0,277,leave_fast0_p0_n6_n1_n0,(not (boarded p0 fast0)),(not (P_ARTIFICIAL6 ))
278,0,278,leave_fast0_p0_n6_n1_n0,(not (passengers fast0 n1)),(not (P_ARTIFICIAL1 ))
279,0,279,leave_fast0_p2_n6_n1_n0,(not (boarded p2 fast0)),(not (P_ARTIFICIAL7 ))
280,0,280,leave_fast0_p2_n6_n1_n0,(not (passengers fast0 n1)),(not (P_ARTIFICIAL1 ))
281,0,281,board_fast0_p2_n0_n0_n1,(not (passengers fast0 n0)),(not (P_ARTIFICIAL0 ))
282,0,282,board_fast0_p2_n2_n0_n1,(not (passengers fast0 n0)),(not (P_ARTIFICIAL0 ))
283,0,283,board_fast0_p2_n0_n1_n2,(not (passengers fast0 n1)),(not (P_ARTIFICIAL1 ))
284,0,284,board_fast0_p2_n2_n1_n2,(not (passengers fast0 n1)),(not (P_ARTIFICIAL1 ))
285,0,285,board_fast0_p1_n8_n2_n3,(not (passengers fast0 n2)),(not (P_ARTIFICIAL3 ))
286,0,286,board_fast0_p0_n8_n2_n3,(not (passengers fast0 n2)),(not (P_ARTIFICIAL3 ))
287,0,287,board_fast0_p2_n8_n2_n3,(not (passengers fast0 n2)),(not (P_ARTIFICIAL3 ))
288,0,288,board_fast0_p1_n0_n2_n3,(not (passengers fast0 n2)),(not (P_ARTIFICIAL3 ))
289,0,289,board_fast0_p0_n0_n2_n3,(not (passengers fast0 n2)),(not (P_ARTIFICIAL3 ))
290,0,290,board_fast0_p2_n0_n2_n3,(not (passengers fast0 n2)),(not (P_ARTIFICIAL3 ))
291,0,291,board_fast0_p1_n2_n2_n3,(not (passengers fast0 n2)),(not (P_ARTIFICIAL3 ))
292,0,292,board_fast0_p0_n2_n2_n3,(not (passengers fast0 n2)),(not (P_ARTIFICIAL3 ))
293,0,293,board_fast0_p2_n2_n2_n3,(not (passengers fast0 n2)),(not (P_ARTIFICIAL3 ))
294,0,294,board_fast0_p1_n4_n2_n3,(not (passengers fast0 n2)),(not (P_ARTIFICIAL3 ))
295,0,295,board_fast0_p0_n4_n2_n3,(not (passengers fast0 n2)),(not (P_ARTIFICIAL3 ))
296,0,296,board_fast0_p2_n4_n2_n3,(not (passengers fast0 n2)),(not (P_ARTIFICIAL3 ))
297,0,297,board_fast0_p1_n6_n2_n3,(not (passengers fast0 n2)),(not (P_ARTIFICIAL3 ))
298,0,298,board_fast0_p0_n6_n2_n3,(not (passengers fast0 n2)),(not (P_ARTIFICIAL3 ))
299,0,299,board_fast0_p2_n6_n2_n3,(not (passengers fast0 n2)),(not (P_ARTIFICIAL3 ))
300,0,300,leave_fast0_p1_n8_n2_n1,(not (boarded p1 fast0)),(not (P_ARTIFICIAL5 ))
301,0,301,leave_fast0_p1_n8_n2_n1,(not (passengers fast0 n2)),(not (P_ARTIFICIAL3 ))
302,0,302,leave_fast0_p0_n8_n2_n1,(not (boarded p0 fast0)),(not (P_ARTIFICIAL6 ))
303,0,303,leave_fast0_p0_n8_n2_n1,(not (passengers fast0 n2)),(not (P_ARTIFICIAL3 ))
304,0,304,leave_fast0_p2_n8_n2_n1,(not (boarded p2 fast0)),(not (P_ARTIFICIAL7 ))
305,0,305,leave_fast0_p2_n8_n2_n1,(not (passengers fast0 n2)),(not (P_ARTIFICIAL3 ))
306,0,306,leave_fast0_p1_n0_n2_n1,(not (boarded p1 fast0)),(not (P_ARTIFICIAL5 ))
307,0,307,leave_fast0_p1_n0_n2_n1,(not (passengers fast0 n2)),(not (P_ARTIFICIAL3 ))
308,0,308,leave_fast0_p0_n0_n2_n1,(not (boarded p0 fast0)),(not (P_ARTIFICIAL6 ))
309,0,309,leave_fast0_p0_n0_n2_n1,(not (passengers fast0 n2)),(not (P_ARTIFICIAL3 ))
310,0,310,leave_fast0_p2_n0_n2_n1,(not (boarded p2 fast0)),(not (P_ARTIFICIAL7 ))
311,0,311,leave_fast0_p2_n0_n2_n1,(not (passengers fast0 n2)),(not (P_ARTIFICIAL3 ))
312,0,312,leave_fast0_p1_n2_n2_n1,(not (boarded p1 fast0)),(not (P_ARTIFICIAL5 ))
313,0,313,leave_fast0_p1_n2_n2_n1,(not (passengers fast0 n2)),(not (P_ARTIFICIAL3 ))
314,0,314,leave_fast0_p0_n2_n2_n1,(not (boarded p0 fast0)),(not (P_ARTIFICIAL6 ))
315,0,315,leave_fast0_p0_n2_n2_n1,(not (passengers fast0 n2)),(not (P_ARTIFICIAL3 ))
316,0,316,leave_fast0_p2_n2_n2_n1,(not (boarded p2 fast0)),(not (P_ARTIFICIAL7 ))
317,0,317,leave_fast0_p2_n2_n2_n1,(not (passengers fast0 n2)),(not (P_ARTIFICIAL3 ))
318,0,318,leave_fast0_p1_n4_n2_n1,(not (boarded p1 fast0)),(not (P_ARTIFICIAL5 ))
319,0,319,leave_fast0_p1_n4_n2_n1,(not (passengers fast0 n2)),(not (P_ARTIFICIAL3 ))
320,0,320,leave_fast0_p0_n4_n2_n1,(not (boarded p0 fast0)),(not (P_ARTIFICIAL6 ))
321,0,321,leave_fast0_p0_n4_n2_n1,(not (passengers fast0 n2)),(not (P_ARTIFICIAL3 ))
322,0,322,leave_fast0_p2_n4_n2_n1,(not (boarded p2 fast0)),(not (P_ARTIFICIAL7 ))
323,0,323,leave_fast0_p2_n4_n2_n1,(not (passengers fast0 n2)),(not (P_ARTIFICIAL3 ))
324,0,324,leave_fast0_p1_n6_n2_n1,(not (boarded p1 fast0)),(not (P_ARTIFICIAL5 ))
325,0,325,leave_fast0_p1_n6_n2_n1,(not (passengers fast0 n2)),(not (P_ARTIFICIAL3 ))
326,0,326,leave_fast0_p0_n6_n2_n1,(not (boarded p0 fast0)),(not (P_ARTIFICIAL6 ))
327,0,327,leave_fast0_p0_n6_n2_n1,(not (passengers fast0 n2)),(not (P_ARTIFICIAL3 ))
328,0,328,leave_fast0_p2_n6_n2_n1,(not (boarded p2 fast0)),(not (P_ARTIFICIAL7 ))
329,0,329,leave_fast0_p2_n6_n2_n1,(not (passengers fast0 n2)),(not (P_ARTIFICIAL3 ))
330,0,330,leave_fast0_p1_n8_n3_n2,(not (boarded p1 fast0)),(not (P_ARTIFICIAL5 ))
331,0,331,leave_fast0_p1_n8_n3_n2,(not (passengers fast0 n3)),(not (P_ARTIFICIAL4 ))
332,0,332,leave_fast0_p0_n8_n3_n2,(not (boarded p0 fast0)),(not (P_ARTIFICIAL6 ))
333,0,333,leave_fast0_p0_n8_n3_n2,(not (passengers fast0 n3)),(not (P_ARTIFICIAL4 ))
334,0,334,leave_fast0_p2_n8_n3_n2,(not (boarded p2 fast0)),(not (P_ARTIFICIAL7 ))
335,0,335,leave_fast0_p2_n8_n3_n2,(not (passengers fast0 n3)),(not (P_ARTIFICIAL4 ))
336,0,336,leave_fast0_p1_n0_n3_n2,(not (boarded p1 fast0)),(not (P_ARTIFICIAL5 ))
337,0,337,leave_fast0_p1_n0_n3_n2,(not (passengers fast0 n3)),(not (P_ARTIFICIAL4 ))
338,0,338,leave_fast0_p0_n0_n3_n2,(not (boarded p0 fast0)),(not (P_ARTIFICIAL6 ))
339,0,339,leave_fast0_p0_n0_n3_n2,(not (passengers fast0 n3)),(not (P_ARTIFICIAL4 ))
340,0,340,leave_fast0_p2_n0_n3_n2,(not (boarded p2 fast0)),(not (P_ARTIFICIAL7 ))
341,0,341,leave_fast0_p2_n0_n3_n2,(not (passengers fast0 n3)),(not (P_ARTIFICIAL4 ))
342,0,342,leave_fast0_p1_n2_n3_n2,(not (boarded p1 fast0)),(not (P_ARTIFICIAL5 ))
343,0,343,leave_fast0_p1_n2_n3_n2,(not (passengers fast0 n3)),(not (P_ARTIFICIAL4 ))
344,0,344,leave_fast0_p0_n2_n3_n2,(not (boarded p0 fast0)),(not (P_ARTIFICIAL6 ))
345,0,345,leave_fast0_p0_n2_n3_n2,(not (passengers fast0 n3)),(not (P_ARTIFICIAL4 ))
346,0,346,leave_fast0_p2_n2_n3_n2,(not (boarded p2 fast0)),(not (P_ARTIFICIAL7 ))
347,0,347,leave_fast0_p2_n2_n3_n2,(not (passengers fast0 n3)),(not (P_ARTIFICIAL4 ))
348,0,348,leave_fast0_p1_n4_n3_n2,(not (boarded p1 fast0)),(not (P_ARTIFICIAL5 ))
349,0,349,leave_fast0_p1_n4_n3_n2,(not (passengers fast0 n3)),(not (P_ARTIFICIAL4 ))
350,0,350,leave_fast0_p0_n4_n3_n2,(not (boarded p0 fast0)),(not (P_ARTIFICIAL6 ))
351,0,351,leave_fast0_p0_n4_n3_n2,(not (passengers fast0 n3)),(not (P_ARTIFICIAL4 ))
352,0,352,leave_fast0_p2_n4_n3_n2,(not (boarded p2 fast0)),(not (P_ARTIFICIAL7 ))
353,0,353,leave_fast0_p2_n4_n3_n2,(not (passengers fast0 n3)),(not (P_ARTIFICIAL4 ))
354,0,354,leave_fast0_p1_n6_n3_n2,(not (boarded p1 fast0)),(not (P_ARTIFICIAL5 ))
355,0,355,leave_fast0_p1_n6_n3_n2,(not (passengers fast0 n3)),(not (P_ARTIFICIAL4 ))
356,0,356,leave_fast0_p0_n6_n3_n2,(not (boarded p0 fast0)),(not (P_ARTIFICIAL6 ))
357,0,357,leave_fast0_p0_n6_n3_n2,(not (passengers fast0 n3)),(not (P_ARTIFICIAL4 ))
358,0,358,leave_fast0_p2_n6_n3_n2,(not (boarded p2 fast0)),(not (P_ARTIFICIAL7 ))
359,0,359,leave_fast0_p2_n6_n3_n2,(not (passengers fast0 n3)),(not (P_ARTIFICIAL4 ))
360,1,0,board_fast1_p3_n6_n0_n1,(passengers fast1 n1),(P_ARTIFICIAL1001 )
361,1,1,board_fast1_p3_n6_n1_n2,(passengers fast1 n2),(P_ARTIFICIAL1003 )
362,1,2,board_fast1_p3_n8_n0_n1,(passengers fast1 n1),(P_ARTIFICIAL1001 )
363,1,3,board_fast1_p3_n8_n1_n2,(passengers fast1 n2),(P_ARTIFICIAL1003 )
364,1,4,leave_fast1_p3_n6_n1_n0,(passengers fast1 n0),(P_ARTIFICIAL1000 )
365,1,5,board_fast1_p3_n6_n0_n1,(boarded p3 fast1),(P_ARTIFICIAL1002 )
366,1,6,board_fast1_p1_n6_n0_n1,(boarded p1 fast1),(P_ARTIFICIAL1005 )
367,1,7,board_fast1_p3_n6_n2_n3,(passengers fast1 n3),(P_ARTIFICIAL1004 )
368,1,8,board_fast1_p0_n6_n0_n1,(boarded p0 fast1),(P_ARTIFICIAL1006 )
369,1,9,board_fast1_p2_n6_n0_n1,(boarded p2 fast1),(P_ARTIFICIAL1007 )
370,1,10,board_fast1_p3_n0_n0_n1,(passengers fast1 n1),(P_ARTIFICIAL1001 )
371,1,11,board_fast1_p3_n0_n1_n2,(passengers fast1 n2),(P_ARTIFICIAL1003 )
372,1,12,leave_fast1_p3_n8_n1_n0,(passengers fast1 n0),(P_ARTIFICIAL1000 )
373,1,13,board_fast1_p3_n2_n0_n1,(passengers fast1 n1),(P_ARTIFICIAL1001 )
374,1,14,board_fast1_p3_n2_n1_n2,(passengers fast1 n2),(P_ARTIFICIAL1003 )
375,1,15,leave_fast1_p3_n0_n1_n0,(passengers fast1 n0),(P_ARTIFICIAL1000 )
376,1,16,board_fast1_p3_n8_n0_n1,(boarded p3 fast1),(P_ARTIFICIAL1002 )
377,1,17,board_fast1_p1_n8_n0_n1,(boarded p1 fast1),(P_ARTIFICIAL1005 )
378,1,18,board_fast1_p3_n8_n2_n3,(passengers fast1 n3),(P_ARTIFICIAL1004 )
379,1,19,board_fast1_p0_n8_n0_n1,(boarded p0 fast1),(P_ARTIFICIAL1006 )
380,1,20,board_fast1_p2_n8_n0_n1,(boarded p2 fast1),(P_ARTIFICIAL1007 )
381,1,21,board_fast1_p3_n4_n0_n1,(passengers fast1 n1),(P_ARTIFICIAL1001 )
382,1,22,board_fast1_p3_n4_n1_n2,(passengers fast1 n2),(P_ARTIFICIAL1003 )
383,1,23,leave_fast1_p3_n2_n1_n0,(passengers fast1 n0),(P_ARTIFICIAL1000 )
384,1,24,board_fast1_p3_n0_n0_n1,(boarded p3 fast1),(P_ARTIFICIAL1002 )
385,1,25,board_fast1_p1_n0_n0_n1,(boarded p1 fast1),(P_ARTIFICIAL1005 )
386,1,26,board_fast1_p3_n0_n2_n3,(passengers fast1 n3),(P_ARTIFICIAL1004 )
387,1,27,board_fast1_p0_n0_n0_n1,(boarded p0 fast1),(P_ARTIFICIAL1006 )
388,1,28,board_fast1_p2_n0_n0_n1,(boarded p2 fast1),(P_ARTIFICIAL1007 )
389,1,29,leave_fast1_p3_n6_n2_n1,(passengers fast1 n1),(P_ARTIFICIAL1001 )
390,1,30,leave_fast1_p3_n6_n3_n2,(passengers fast1 n2),(P_ARTIFICIAL1003 )
391,1,31,leave_fast1_p3_n4_n1_n0,(passengers fast1 n0),(P_ARTIFICIAL1000 )
392,1,32,leave_fast1_p3_n8_n2_n1,(passengers fast1 n1),(P_ARTIFICIAL1001 )
393,1,33,leave_fast1_p3_n8_n3_n2,(passengers fast1 n2),(P_ARTIFICIAL1003 )
394,1,34,leave_fast1_p1_n6_n1_n0,(passengers fast1 n0),(P_ARTIFICIAL1000 )
395,1,35,leave_fast1_p3_n0_n2_n1,(passengers fast1 n1),(P_ARTIFICIAL1001 )
396,1,36,leave_fast1_p3_n0_n3_n2,(passengers fast1 n2),(P_ARTIFICIAL1003 )
397,1,37,leave_fast1_p0_n6_n1_n0,(passengers fast1 n0),(P_ARTIFICIAL1000 )
398,1,38,board_fast1_p3_n2_n0_n1,(boarded p3 fast1),(P_ARTIFICIAL1002 )
399,1,39,board_fast1_p1_n2_n0_n1,(boarded p1 fast1),(P_ARTIFICIAL1005 )
400,1,40,board_fast1_p3_n2_n2_n3,(passengers fast1 n3),(P_ARTIFICIAL1004 )
401,1,41,board_fast1_p0_n2_n0_n1,(boarded p0 fast1),(P_ARTIFICIAL1006 )
402,1,42,board_fast1_p2_n2_n0_n1,(boarded p2 fast1),(P_ARTIFICIAL1007 )
403,1,43,leave_fast1_p3_n2_n2_n1,(passengers fast1 n1),(P_ARTIFICIAL1001 )
404,1,44,leave_fast1_p3_n2_n3_n2,(passengers fast1 n2),(P_ARTIFICIAL1003 )
405,1,45,leave_fast1_p2_n6_n1_n0,(passengers fast1 n0),(P_ARTIFICIAL1000 )
406,1,46,leave_fast1_p3_n4_n2_n1,(passengers fast1 n1),(P_ARTIFICIAL1001 )
407,1,47,leave_fast1_p3_n4_n3_n2,(passengers fast1 n2),(P_ARTIFICIAL1003 )
408,1,48,leave_fast1_p1_n8_n1_n0,(passengers fast1 n0),(P_ARTIFICIAL1000 )
409,1,49,board_fast1_p3_n4_n0_n1,(boarded p3 fast1),(P_ARTIFICIAL1002 )
410,1,50,board_fast1_p1_n4_n0_n1,(boarded p1 fast1),(P_ARTIFICIAL1005 )
411,1,51,board_fast1_p3_n4_n2_n3,(passengers fast1 n3),(P_ARTIFICIAL1004 )
412,1,52,board_fast1_p0_n4_n0_n1,(boarded p0 fast1),(P_ARTIFICIAL1006 )
413,1,53,board_fast1_p2_n4_n0_n1,(boarded p2 fast1),(P_ARTIFICIAL1007 )
414,1,54,board_fast1_p1_n6_n0_n1,(passengers fast1 n1),(P_ARTIFICIAL1001 )
415,1,55,board_fast1_p1_n6_n1_n2,(passengers fast1 n2),(P_ARTIFICIAL1003 )
416,1,56,leave_fast1_p0_n8_n1_n0,(passengers fast1 n0),(P_ARTIFICIAL1000 )
417,1,57,board_fast1_p3_n6_n1_n2,(boarded p3 fast1),(P_ARTIFICIAL1002 )
418,1,58,board_fast1_p1_n6_n1_n2,(boarded p1 fast1),(P_ARTIFICIAL1005 )
419,1,59,board_fast1_p1_n6_n2_n3,(passengers fast1 n3),(P_ARTIFICIAL1004 )
420,1,60,board_fast1_p0_n6_n1_n2,(boarded p0 fast1),(P_ARTIFICIAL1006 )
421,1,61,board_fast1_p2_n6_n1_n2,(boarded p2 fast1),(P_ARTIFICIAL1007 )
422,1,62,board_fast1_p0_n6_n0_n1,(passengers fast1 n1),(P_ARTIFICIAL1001 )
423,1,63,board_fast1_p0_n6_n1_n2,(passengers fast1 n2),(P_ARTIFICIAL1003 )
424,1,64,leave_fast1_p2_n8_n1_n0,(passengers fast1 n0),(P_ARTIFICIAL1000 )
425,1,65,board_fast1_p2_n6_n0_n1,(passengers fast1 n1),(P_ARTIFICIAL1001 )
426,1,66,board_fast1_p2_n6_n1_n2,(passengers fast1 n2),(P_ARTIFICIAL1003 )
427,1,67,leave_fast1_p1_n0_n1_n0,(passengers fast1 n0),(P_ARTIFICIAL1000 )
428,1,68,board_fast1_p1_n8_n0_n1,(passengers fast1 n1),(P_ARTIFICIAL1001 )
429,1,69,board_fast1_p1_n8_n1_n2,(passengers fast1 n2),(P_ARTIFICIAL1003 )
430,1,70,leave_fast1_p0_n0_n1_n0,(passengers fast1 n0),(P_ARTIFICIAL1000 )
431,1,71,board_fast1_p3_n8_n1_n2,(boarded p3 fast1),(P_ARTIFICIAL1002 )
432,1,72,board_fast1_p1_n8_n1_n2,(boarded p1 fast1),(P_ARTIFICIAL1005 )
433,1,73,board_fast1_p0_n6_n2_n3,(passengers fast1 n3),(P_ARTIFICIAL1004 )
434,1,74,board_fast1_p0_n8_n1_n2,(boarded p0 fast1),(P_ARTIFICIAL1006 )
435,1,75,board_fast1_p2_n8_n1_n2,(boarded p2 fast1),(P_ARTIFICIAL1007 )
436,1,76,board_fast1_p0_n8_n0_n1,(passengers fast1 n1),(P_ARTIFICIAL1001 )
437,1,77,board_fast1_p0_n8_n1_n2,(passengers fast1 n2),(P_ARTIFICIAL1003 )
438,1,78,leave_fast1_p2_n0_n1_n0,(passengers fast1 n0),(P_ARTIFICIAL1000 )
439,1,79,board_fast1_p2_n8_n0_n1,(passengers fast1 n1),(P_ARTIFICIAL1001 )
440,1,80,board_fast1_p2_n8_n1_n2,(passengers fast1 n2),(P_ARTIFICIAL1003 )
441,1,81,leave_fast1_p1_n2_n1_n0,(passengers fast1 n0),(P_ARTIFICIAL1000 )
442,1,82,board_fast1_p3_n0_n1_n2,(boarded p3 fast1),(P_ARTIFICIAL1002 )
443,1,83,board_fast1_p1_n0_n1_n2,(boarded p1 fast1),(P_ARTIFICIAL1005 )
444,1,84,board_fast1_p2_n6_n2_n3,(passengers fast1 n3),(P_ARTIFICIAL1004 )
445,1,85,board_fast1_p0_n0_n1_n2,(boarded p0 fast1),(P_ARTIFICIAL1006 )
446,1,86,board_fast1_p2_n0_n1_n2,(boarded p2 fast1),(P_ARTIFICIAL1007 )
447,1,87,board_fast1_p1_n0_n0_n1,(passengers fast1 n1),(P_ARTIFICIAL1001 )
448,1,88,board_fast1_p1_n0_n1_n2,(passengers fast1 n2),(P_ARTIFICIAL1003 )
449,1,89,leave_fast1_p0_n2_n1_n0,(passengers fast1 n0),(P_ARTIFICIAL1000 )
450,1,90,board_fast1_p0_n0_n0_n1,(passengers fast1 n1),(P_ARTIFICIAL1001 )
451,1,91,board_fast1_p0_n0_n1_n2,(passengers fast1 n2),(P_ARTIFICIAL1003 )
452,1,92,leave_fast1_p2_n2_n1_n0,(passengers fast1 n0),(P_ARTIFICIAL1000 )
453,1,93,board_fast1_p3_n2_n1_n2,(boarded p3 fast1),(P_ARTIFICIAL1002 )
454,1,94,board_fast1_p1_n2_n1_n2,(boarded p1 fast1),(P_ARTIFICIAL1005 )
455,1,95,board_fast1_p1_n8_n2_n3,(passengers fast1 n3),(P_ARTIFICIAL1004 )
456,1,96,board_fast1_p0_n2_n1_n2,(boarded p0 fast1),(P_ARTIFICIAL1006 )
457,1,97,board_fast1_p2_n2_n1_n2,(boarded p2 fast1),(P_ARTIFICIAL1007 )
458,1,98,board_fast1_p2_n0_n0_n1,(passengers fast1 n1),(P_ARTIFICIAL1001 )
459,1,99,board_fast1_p2_n0_n1_n2,(passengers fast1 n2),(P_ARTIFICIAL1003 )
460,1,100,leave_fast1_p1_n4_n1_n0,(passengers fast1 n0),(P_ARTIFICIAL1000 )
461,1,101,board_fast1_p1_n2_n0_n1,(passengers fast1 n1),(P_ARTIFICIAL1001 )
462,1,102,board_fast1_p1_n2_n1_n2,(passengers fast1 n2),(P_ARTIFICIAL1003 )
463,1,103,leave_fast1_p0_n4_n1_n0,(passengers fast1 n0),(P_ARTIFICIAL1000 )
464,1,104,board_fast1_p3_n4_n1_n2,(boarded p3 fast1),(P_ARTIFICIAL1002 )
465,1,105,board_fast1_p1_n4_n1_n2,(boarded p1 fast1),(P_ARTIFICIAL1005 )
466,1,106,board_fast1_p0_n8_n2_n3,(passengers fast1 n3),(P_ARTIFICIAL1004 )
467,1,107,board_fast1_p0_n4_n1_n2,(boarded p0 fast1),(P_ARTIFICIAL1006 )
468,1,108,board_fast1_p2_n4_n1_n2,(boarded p2 fast1),(P_ARTIFICIAL1007 )
469,1,109,board_fast1_p0_n2_n0_n1,(passengers fast1 n1),(P_ARTIFICIAL1001 )
470,1,110,board_fast1_p0_n2_n1_n2,(passengers fast1 n2),(P_ARTIFICIAL1003 )
471,1,111,leave_fast1_p2_n4_n1_n0,(passengers fast1 n0),(P_ARTIFICIAL1000 )
472,1,112,board_fast1_p3_n6_n2_n3,(boarded p3 fast1),(P_ARTIFICIAL1002 )
473,1,113,board_fast1_p1_n6_n2_n3,(boarded p1 fast1),(P_ARTIFICIAL1005 )
474,1,114,board_fast1_p2_n8_n2_n3,(passengers fast1 n3),(P_ARTIFICIAL1004 )
475,1,115,board_fast1_p0_n6_n2_n3,(boarded p0 fast1),(P_ARTIFICIAL1006 )
476,1,116,board_fast1_p2_n6_n2_n3,(boarded p2 fast1),(P_ARTIFICIAL1007 )
477,1,117,board_fast1_p2_n2_n0_n1,(passengers fast1 n1),(P_ARTIFICIAL1001 )
478,1,118,board_fast1_p2_n2_n1_n2,(passengers fast1 n2),(P_ARTIFICIAL1003 )
479,1,119,board_fast1_p1_n4_n0_n1,(passengers fast1 n1),(P_ARTIFICIAL1001 )
480,1,120,board_fast1_p1_n4_n1_n2,(passengers fast1 n2),(P_ARTIFICIAL1003 )
481,1,121,board_fast1_p3_n8_n2_n3,(boarded p3 fast1),(P_ARTIFICIAL1002 )
482,1,122,board_fast1_p1_n8_n2_n3,(boarded p1 fast1),(P_ARTIFICIAL1005 )
483,1,123,board_fast1_p1_n0_n2_n3,(passengers fast1 n3),(P_ARTIFICIAL1004 )
484,1,124,board_fast1_p0_n8_n2_n3,(boarded p0 fast1),(P_ARTIFICIAL1006 )
485,1,125,board_fast1_p2_n8_n2_n3,(boarded p2 fast1),(P_ARTIFICIAL1007 )
486,1,126,board_fast1_p0_n4_n0_n1,(passengers fast1 n1),(P_ARTIFICIAL1001 )
487,1,127,board_fast1_p0_n4_n1_n2,(passengers fast1 n2),(P_ARTIFICIAL1003 )
488,1,128,board_fast1_p2_n4_n0_n1,(passengers fast1 n1),(P_ARTIFICIAL1001 )
489,1,129,board_fast1_p2_n4_n1_n2,(passengers fast1 n2),(P_ARTIFICIAL1003 )
490,1,130,board_fast1_p3_n0_n2_n3,(boarded p3 fast1),(P_ARTIFICIAL1002 )
491,1,131,board_fast1_p1_n0_n2_n3,(boarded p1 fast1),(P_ARTIFICIAL1005 )
492,1,132,board_fast1_p0_n0_n2_n3,(passengers fast1 n3),(P_ARTIFICIAL1004 )
493,1,133,board_fast1_p0_n0_n2_n3,(boarded p0 fast1),(P_ARTIFICIAL1006 )
494,1,134,board_fast1_p2_n0_n2_n3,(boarded p2 fast1),(P_ARTIFICIAL1007 )
495,1,135,leave_fast1_p1_n6_n2_n1,(passengers fast1 n1),(P_ARTIFICIAL1001 )
496,1,136,leave_fast1_p1_n6_n3_n2,(passengers fast1 n2),(P_ARTIFICIAL1003 )
497,1,137,leave_fast1_p0_n6_n2_n1,(passengers fast1 n1),(P_ARTIFICIAL1001 )
498,1,138,leave_fast1_p0_n6_n3_n2,(passengers fast1 n2),(P_ARTIFICIAL1003 )
499,1,139,leave_fast1_p2_n6_n2_n1,(passengers fast1 n1),(P_ARTIFICIAL1001 )
500,1,140,leave_fast1_p2_n6_n3_n2,(passengers fast1 n2),(P_ARTIFICIAL1003 )
501,1,141,board_fast1_p3_n2_n2_n3,(boarded p3 fast1),(P_ARTIFICIAL1002 )
502,1,142,board_fast1_p1_n2_n2_n3,(boarded p1 fast1),(P_ARTIFICIAL1005 )
503,1,143,board_fast1_p2_n0_n2_n3,(passengers fast1 n3),(P_ARTIFICIAL1004 )
504,1,144,board_fast1_p0_n2_n2_n3,(boarded p0 fast1),(P_ARTIFICIAL1006 )
505,1,145,board_fast1_p2_n2_n2_n3,(boarded p2 fast1),(P_ARTIFICIAL1007 )
506,1,146,leave_fast1_p1_n8_n2_n1,(passengers fast1 n1),(P_ARTIFICIAL1001 )
507,1,147,leave_fast1_p1_n8_n3_n2,(passengers fast1 n2),(P_ARTIFICIAL1003 )
508,1,148,leave_fast1_p0_n8_n2_n1,(passengers fast1 n1),(P_ARTIFICIAL1001 )
509,1,149,leave_fast1_p0_n8_n3_n2,(passengers fast1 n2),(P_ARTIFICIAL1003 )
510,1,150,board_fast1_p3_n4_n2_n3,(boarded p3 fast1),(P_ARTIFICIAL1002 )
511,1,151,board_fast1_p1_n4_n2_n3,(boarded p1 fast1),(P_ARTIFICIAL1005 )
512,1,152,board_fast1_p1_n2_n2_n3,(passengers fast1 n3),(P_ARTIFICIAL1004 )
513,1,153,board_fast1_p0_n4_n2_n3,(boarded p0 fast1),(P_ARTIFICIAL1006 )
514,1,154,board_fast1_p2_n4_n2_n3,(boarded p2 fast1),(P_ARTIFICIAL1007 )
515,1,155,leave_fast1_p2_n8_n2_n1,(passengers fast1 n1),(P_ARTIFICIAL1001 )
516,1,156,leave_fast1_p2_n8_n3_n2,(passengers fast1 n2),(P_ARTIFICIAL1003 )
517,1,157,leave_fast1_p1_n0_n2_n1,(passengers fast1 n1),(P_ARTIFICIAL1001 )
518,1,158,leave_fast1_p1_n0_n3_n2,(passengers fast1 n2),(P_ARTIFICIAL1003 )
519,1,159,leave_fast1_p0_n0_n2_n1,(passengers fast1 n1),(P_ARTIFICIAL1001 )
520,1,160,leave_fast1_p0_n0_n3_n2,(passengers fast1 n2),(P_ARTIFICIAL1003 )
521,1,161,leave_fast1_p2_n0_n2_n1,(passengers fast1 n1),(P_ARTIFICIAL1001 )
522,1,162,leave_fast1_p2_n0_n3_n2,(passengers fast1 n2),(P_ARTIFICIAL1003 )
523,1,163,leave_fast1_p1_n2_n2_n1,(passengers fast1 n1),(P_ARTIFICIAL1001 )
524,1,164,leave_fast1_p1_n2_n3_n2,(passengers fast1 n2),(P_ARTIFICIAL1003 )
525,1,165,leave_fast1_p0_n2_n2_n1,(passengers fast1 n1),(P_ARTIFICIAL1001 )
526,1,166,leave_fast1_p0_n2_n3_n2,(passengers fast1 n2),(P_ARTIFICIAL1003 )
527,1,167,leave_fast1_p2_n2_n2_n1,(passengers fast1 n1),(P_ARTIFICIAL1001 )
528,1,168,leave_fast1_p2_n2_n3_n2,(passengers fast1 n2),(P_ARTIFICIAL1003 )
529,1,169,leave_fast1_p1_n4_n2_n1,(passengers fast1 n1),(P_ARTIFICIAL1001 )
530,1,170,leave_fast1_p1_n4_n3_n2,(passengers fast1 n2),(P_ARTIFICIAL1003 )
531,1,171,leave_fast1_p0_n4_n2_n1,(passengers fast1 n1),(P_ARTIFICIAL1001 )
532,1,172,leave_fast1_p0_n4_n3_n2,(passengers fast1 n2),(P_ARTIFICIAL1003 )
533,1,173,leave_fast1_p2_n4_n2_n1,(passengers fast1 n1),(P_ARTIFICIAL1001 )
534,1,174,leave_fast1_p2_n4_n3_n2,(passengers fast1 n2),(P_ARTIFICIAL1003 )
535,1,175,board_fast1_p0_n2_n2_n3,(passengers fast1 n3),(P_ARTIFICIAL1004 )
536,1,176,board_fast1_p2_n2_n2_n3,(passengers fast1 n3),(P_ARTIFICIAL1004 )
537,1,177,board_fast1_p1_n4_n2_n3,(passengers fast1 n3),(P_ARTIFICIAL1004 )
538,1,178,board_fast1_p0_n4_n2_n3,(passengers fast1 n3),(P_ARTIFICIAL1004 )
539,1,179,board_fast1_p2_n4_n2_n3,(passengers fast1 n3),(P_ARTIFICIAL1004 )
540,1,180,board_fast1_p3_n6_n0_n1,(not (passengers fast1 n0)),(not (P_ARTIFICIAL1000 ))
541,1,181,board_fast1_p3_n8_n0_n1,(not (passengers fast1 n0)),(not (P_ARTIFICIAL1000 ))
542,1,182,board_fast1_p3_n0_n0_n1,(not (passengers fast1 n0)),(not (P_ARTIFICIAL1000 ))
543,1,183,board_fast1_p3_n2_n0_n1,(not (passengers fast1 n0)),(not (P_ARTIFICIAL1000 ))
544,1,184,board_fast1_p3_n4_n0_n1,(not (passengers fast1 n0)),(not (P_ARTIFICIAL1000 ))
545,1,185,board_fast1_p3_n6_n1_n2,(not (passengers fast1 n1)),(not (P_ARTIFICIAL1001 ))
546,1,186,board_fast1_p3_n8_n1_n2,(not (passengers fast1 n1)),(not (P_ARTIFICIAL1001 ))
547,1,187,board_fast1_p3_n0_n1_n2,(not (passengers fast1 n1)),(not (P_ARTIFICIAL1001 ))
548,1,188,board_fast1_p3_n2_n1_n2,(not (passengers fast1 n1)),(not (P_ARTIFICIAL1001 ))
549,1,189,board_fast1_p3_n4_n1_n2,(not (passengers fast1 n1)),(not (P_ARTIFICIAL1001 ))
550,1,190,leave_fast1_p3_n6_n1_n0,(not (boarded p3 fast1)),(not (P_ARTIFICIAL1002 ))
551,1,191,leave_fast1_p3_n6_n1_n0,(not (passengers fast1 n1)),(not (P_ARTIFICIAL1001 ))
552,1,192,leave_fast1_p3_n8_n1_n0,(not (boarded p3 fast1)),(not (P_ARTIFICIAL1002 ))
553,1,193,leave_fast1_p3_n8_n1_n0,(not (passengers fast1 n1)),(not (P_ARTIFICIAL1001 ))
554,1,194,leave_fast1_p3_n0_n1_n0,(not (boarded p3 fast1)),(not (P_ARTIFICIAL1002 ))
555,1,195,leave_fast1_p3_n0_n1_n0,(not (passengers fast1 n1)),(not (P_ARTIFICIAL1001 ))
556,1,196,leave_fast1_p3_n2_n1_n0,(not (boarded p3 fast1)),(not (P_ARTIFICIAL1002 ))
557,1,197,leave_fast1_p3_n2_n1_n0,(not (passengers fast1 n1)),(not (P_ARTIFICIAL1001 ))
558,1,198,leave_fast1_p3_n4_n1_n0,(not (boarded p3 fast1)),(not (P_ARTIFICIAL1002 ))
559,1,199,leave_fast1_p3_n4_n1_n0,(not (passengers fast1 n1)),(not (P_ARTIFICIAL1001 ))
560,1,200,board_fast1_p3_n6_n2_n3,(not (passengers fast1 n2)),(not (P_ARTIFICIAL1003 ))
561,1,201,board_fast1_p3_n8_n2_n3,(not (passengers fast1 n2)),(not (P_ARTIFICIAL1003 ))
562,1,202,board_fast1_p3_n0_n2_n3,(not (passengers fast1 n2)),(not (P_ARTIFICIAL1003 ))
563,1,203,board_fast1_p3_n2_n2_n3,(not (passengers fast1 n2)),(not (P_ARTIFICIAL1003 ))
564,1,204,board_fast1_p3_n4_n2_n3,(not (passengers fast1 n2)),(not (P_ARTIFICIAL1003 ))
565,1,205,leave_fast1_p3_n6_n2_n1,(not (boarded p3 fast1)),(not (P_ARTIFICIAL1002 ))
566,1,206,leave_fast1_p3_n6_n2_n1,(not (passengers fast1 n2)),(not (P_ARTIFICIAL1003 ))
567,1,207,leave_fast1_p3_n8_n2_n1,(not (boarded p3 fast1)),(not (P_ARTIFICIAL1002 ))
568,1,208,leave_fast1_p3_n8_n2_n1,(not (passengers fast1 n2)),(not (P_ARTIFICIAL1003 ))
569,1,209,leave_fast1_p3_n0_n2_n1,(not (boarded p3 fast1)),(not (P_ARTIFICIAL1002 ))
570,1,210,leave_fast1_p3_n0_n2_n1,(not (passengers fast1 n2)),(not (P_ARTIFICIAL1003 ))
571,1,211,leave_fast1_p3_n2_n2_n1,(not (boarded p3 fast1)),(not (P_ARTIFICIAL1002 ))
572,1,212,leave_fast1_p3_n2_n2_n1,(not (passengers fast1 n2)),(not (P_ARTIFICIAL1003 ))
573,1,213,leave_fast1_p3_n4_n2_n1,(not (boarded p3 fast1)),(not (P_ARTIFICIAL1002 ))
574,1,214,leave_fast1_p3_n4_n2_n1,(not (passengers fast1 n2)),(not (P_ARTIFICIAL1003 ))
575,1,215,leave_fast1_p3_n6_n3_n2,(not (boarded p3 fast1)),(not (P_ARTIFICIAL1002 ))
576,1,216,leave_fast1_p3_n6_n3_n2,(not (passengers fast1 n3)),(not (P_ARTIFICIAL1004 ))
577,1,217,leave_fast1_p3_n8_n3_n2,(not (boarded p3 fast1)),(not (P_ARTIFICIAL1002 ))
578,1,218,leave_fast1_p3_n8_n3_n2,(not (passengers fast1 n3)),(not (P_ARTIFICIAL1004 ))
579,1,219,leave_fast1_p3_n0_n3_n2,(not (boarded p3 fast1)),(not (P_ARTIFICIAL1002 ))
580,1,220,leave_fast1_p3_n0_n3_n2,(not (passengers fast1 n3)),(not (P_ARTIFICIAL1004 ))
581,1,221,leave_fast1_p3_n2_n3_n2,(not (boarded p3 fast1)),(not (P_ARTIFICIAL1002 ))
582,1,222,leave_fast1_p3_n2_n3_n2,(not (passengers fast1 n3)),(not (P_ARTIFICIAL1004 ))
583,1,223,leave_fast1_p3_n4_n3_n2,(not (boarded p3 fast1)),(not (P_ARTIFICIAL1002 ))
584,1,224,leave_fast1_p3_n4_n3_n2,(not (passengers fast1 n3)),(not (P_ARTIFICIAL1004 ))
585,1,225,board_fast1_p1_n6_n0_n1,(not (passengers fast1 n0)),(not (P_ARTIFICIAL1000 ))
586,1,226,board_fast1_p0_n6_n0_n1,(not (passengers fast1 n0)),(not (P_ARTIFICIAL1000 ))
587,1,227,board_fast1_p2_n6_n0_n1,(not (passengers fast1 n0)),(not (P_ARTIFICIAL1000 ))
588,1,228,board_fast1_p1_n8_n0_n1,(not (passengers fast1 n0)),(not (P_ARTIFICIAL1000 ))
589,1,229,board_fast1_p0_n8_n0_n1,(not (passengers fast1 n0)),(not (P_ARTIFICIAL1000 ))
590,1,230,board_fast1_p2_n8_n0_n1,(not (passengers fast1 n0)),(not (P_ARTIFICIAL1000 ))
591,1,231,board_fast1_p1_n0_n0_n1,(not (passengers fast1 n0)),(not (P_ARTIFICIAL1000 ))
592,1,232,board_fast1_p0_n0_n0_n1,(not (passengers fast1 n0)),(not (P_ARTIFICIAL1000 ))
593,1,233,board_fast1_p2_n0_n0_n1,(not (passengers fast1 n0)),(not (P_ARTIFICIAL1000 ))
594,1,234,board_fast1_p1_n2_n0_n1,(not (passengers fast1 n0)),(not (P_ARTIFICIAL1000 ))
595,1,235,board_fast1_p0_n2_n0_n1,(not (passengers fast1 n0)),(not (P_ARTIFICIAL1000 ))
596,1,236,board_fast1_p2_n2_n0_n1,(not (passengers fast1 n0)),(not (P_ARTIFICIAL1000 ))
597,1,237,board_fast1_p1_n4_n0_n1,(not (passengers fast1 n0)),(not (P_ARTIFICIAL1000 ))
598,1,238,board_fast1_p0_n4_n0_n1,(not (passengers fast1 n0)),(not (P_ARTIFICIAL1000 ))
599,1,239,board_fast1_p2_n4_n0_n1,(not (passengers fast1 n0)),(not (P_ARTIFICIAL1000 ))
600,1,240,board_fast1_p1_n6_n1_n2,(not (passengers fast1 n1)),(not (P_ARTIFICIAL1001 ))
601,1,241,board_fast1_p0_n6_n1_n2,(not (passengers fast1 n1)),(not (P_ARTIFICIAL1001 ))
602,1,242,board_fast1_p2_n6_n1_n2,(not (passengers fast1 n1)),(not (P_ARTIFICIAL1001 ))
603,1,243,board_fast1_p1_n8_n1_n2,(not (passengers fast1 n1)),(not (P_ARTIFICIAL1001 ))
604,1,244,board_fast1_p0_n8_n1_n2,(not (passengers fast1 n1)),(not (P_ARTIFICIAL1001 ))
605,1,245,board_fast1_p2_n8_n1_n2,(not (passengers fast1 n1)),(not (P_ARTIFICIAL1001 ))
606,1,246,board_fast1_p1_n0_n1_n2,(not (passengers fast1 n1)),(not (P_ARTIFICIAL1001 ))
607,1,247,board_fast1_p0_n0_n1_n2,(not (passengers fast1 n1)),(not (P_ARTIFICIAL1001 ))
608,1,248,board_fast1_p2_n0_n1_n2,(not (passengers fast1 n1)),(not (P_ARTIFICIAL1001 ))
609,1,249,board_fast1_p1_n2_n1_n2,(not (passengers fast1 n1)),(not (P_ARTIFICIAL1001 ))
610,1,250,board_fast1_p0_n2_n1_n2,(not (passengers fast1 n1)),(not (P_ARTIFICIAL1001 ))
611,1,251,board_fast1_p2_n2_n1_n2,(not (passengers fast1 n1)),(not (P_ARTIFICIAL1001 ))
612,1,252,board_fast1_p1_n4_n1_n2,(not (passengers fast1 n1)),(not (P_ARTIFICIAL1001 ))
613,1,253,board_fast1_p0_n4_n1_n2,(not (passengers fast1 n1)),(not (P_ARTIFICIAL1001 ))
614,1,254,board_fast1_p2_n4_n1_n2,(not (passengers fast1 n1)),(not (P_ARTIFICIAL1001 ))
615,1,255,leave_fast1_p1_n6_n1_n0,(not (boarded p1 fast1)),(not (P_ARTIFICIAL1005 ))
616,1,256,leave_fast1_p1_n6_n1_n0,(not (passengers fast1 n1)),(not (P_ARTIFICIAL1001 ))
617,1,257,leave_fast1_p0_n6_n1_n0,(not (boarded p0 fast1)),(not (P_ARTIFICIAL1006 ))
618,1,258,leave_fast1_p0_n6_n1_n0,(not (passengers fast1 n1)),(not (P_ARTIFICIAL1001 ))
619,1,259,leave_fast1_p2_n6_n1_n0,(not (boarded p2 fast1)),(not (P_ARTIFICIAL1007 ))
620,1,260,leave_fast1_p2_n6_n1_n0,(not (passengers fast1 n1)),(not (P_ARTIFICIAL1001 ))
621,1,261,leave_fast1_p1_n8_n1_n0,(not (boarded p1 fast1)),(not (P_ARTIFICIAL1005 ))
622,1,262,leave_fast1_p1_n8_n1_n0,(not (passengers fast1 n1)),(not (P_ARTIFICIAL1001 ))
623,1,263,leave_fast1_p0_n8_n1_n0,(not (boarded p0 fast1)),(not (P_ARTIFICIAL1006 ))
624,1,264,leave_fast1_p0_n8_n1_n0,(not (passengers fast1 n1)),(not (P_ARTIFICIAL1001 ))
625,1,265,leave_fast1_p2_n8_n1_n0,(not (boarded p2 fast1)),(not (P_ARTIFICIAL1007 ))
626,1,266,leave_fast1_p2_n8_n1_n0,(not (passengers fast1 n1)),(not (P_ARTIFICIAL1001 ))
627,1,267,leave_fast1_p1_n0_n1_n0,(not (boarded p1 fast1)),(not (P_ARTIFICIAL1005 ))
628,1,268,leave_fast1_p1_n0_n1_n0,(not (passengers fast1 n1)),(not (P_ARTIFICIAL1001 ))
629,1,269,leave_fast1_p0_n0_n1_n0,(not (boarded p0 fast1)),(not (P_ARTIFICIAL1006 ))
630,1,270,leave_fast1_p0_n0_n1_n0,(not (passengers fast1 n1)),(not (P_ARTIFICIAL1001 ))
631,1,271,leave_fast1_p2_n0_n1_n0,(not (boarded p2 fast1)),(not (P_ARTIFICIAL1007 ))
632,1,272,leave_fast1_p2_n0_n1_n0,(not (passengers fast1 n1)),(not (P_ARTIFICIAL1001 ))
633,1,273,leave_fast1_p1_n2_n1_n0,(not (boarded p1 fast1)),(not (P_ARTIFICIAL1005 ))
634,1,274,leave_fast1_p1_n2_n1_n0,(not (passengers fast1 n1)),(not (P_ARTIFICIAL1001 ))
635,1,275,leave_fast1_p0_n2_n1_n0,(not (boarded p0 fast1)),(not (P_ARTIFICIAL1006 ))
636,1,276,leave_fast1_p0_n2_n1_n0,(not (passengers fast1 n1)),(not (P_ARTIFICIAL1001 ))
637,1,277,leave_fast1_p2_n2_n1_n0,(not (boarded p2 fast1)),(not (P_ARTIFICIAL1007 ))
638,1,278,leave_fast1_p2_n2_n1_n0,(not (passengers fast1 n1)),(not (P_ARTIFICIAL1001 ))
639,1,279,leave_fast1_p1_n4_n1_n0,(not (boarded p1 fast1)),(not (P_ARTIFICIAL1005 ))
640,1,280,leave_fast1_p1_n4_n1_n0,(not (passengers fast1 n1)),(not (P_ARTIFICIAL1001 ))
641,1,281,leave_fast1_p0_n4_n1_n0,(not (boarded p0 fast1)),(not (P_ARTIFICIAL1006 ))
642,1,282,leave_fast1_p0_n4_n1_n0,(not (passengers fast1 n1)),(not (P_ARTIFICIAL1001 ))
643,1,283,leave_fast1_p2_n4_n1_n0,(not (boarded p2 fast1)),(not (P_ARTIFICIAL1007 ))
644,1,284,leave_fast1_p2_n4_n1_n0,(not (passengers fast1 n1)),(not (P_ARTIFICIAL1001 ))
645,1,285,board_fast1_p1_n6_n2_n3,(not (passengers fast1 n2)),(not (P_ARTIFICIAL1003 ))
646,1,286,board_fast1_p0_n6_n2_n3,(not (passengers fast1 n2)),(not (P_ARTIFICIAL1003 ))
647,1,287,board_fast1_p2_n6_n2_n3,(not (passengers fast1 n2)),(not (P_ARTIFICIAL1003 ))
648,1,288,board_fast1_p1_n8_n2_n3,(not (passengers fast1 n2)),(not (P_ARTIFICIAL1003 ))
649,1,289,board_fast1_p0_n8_n2_n3,(not (passengers fast1 n2)),(not (P_ARTIFICIAL1003 ))
650,1,290,board_fast1_p2_n8_n2_n3,(not (passengers fast1 n2)),(not (P_ARTIFICIAL1003 ))
651,1,291,board_fast1_p1_n0_n2_n3,(not (passengers fast1 n2)),(not (P_ARTIFICIAL1003 ))
652,1,292,board_fast1_p0_n0_n2_n3,(not (passengers fast1 n2)),(not (P_ARTIFICIAL1003 ))
653,1,293,board_fast1_p2_n0_n2_n3,(not (passengers fast1 n2)),(not (P_ARTIFICIAL1003 ))
654,1,294,board_fast1_p1_n2_n2_n3,(not (passengers fast1 n2)),(not (P_ARTIFICIAL1003 ))
655,1,295,board_fast1_p0_n2_n2_n3,(not (passengers fast1 n2)),(not (P_ARTIFICIAL1003 ))
656,1,296,board_fast1_p2_n2_n2_n3,(not (passengers fast1 n2)),(not (P_ARTIFICIAL1003 ))
657,1,297,board_fast1_p1_n4_n2_n3,(not (passengers fast1 n2)),(not (P_ARTIFICIAL1003 ))
658,1,298,board_fast1_p0_n4_n2_n3,(not (passengers fast1 n2)),(not (P_ARTIFICIAL1003 ))
659,1,299,board_fast1_p2_n4_n2_n3,(not (passengers fast1 n2)),(not (P_ARTIFICIAL1003 ))
660,1,300,leave_fast1_p1_n6_n2_n1,(not (boarded p1 fast1)),(not (P_ARTIFICIAL1005 ))
661,1,301,leave_fast1_p1_n6_n2_n1,(not (passengers fast1 n2)),(not (P_ARTIFICIAL1003 ))
662,1,302,leave_fast1_p0_n6_n2_n1,(not (boarded p0 fast1)),(not (P_ARTIFICIAL1006 ))
663,1,303,leave_fast1_p0_n6_n2_n1,(not (passengers fast1 n2)),(not (P_ARTIFICIAL1003 ))
664,1,304,leave_fast1_p2_n6_n2_n1,(not (boarded p2 fast1)),(not (P_ARTIFICIAL1007 ))
665,1,305,leave_fast1_p2_n6_n2_n1,(not (passengers fast1 n2)),(not (P_ARTIFICIAL1003 ))
666,1,306,leave_fast1_p1_n8_n2_n1,(not (boarded p1 fast1)),(not (P_ARTIFICIAL1005 ))
667,1,307,leave_fast1_p1_n8_n2_n1,(not (passengers fast1 n2)),(not (P_ARTIFICIAL1003 ))
668,1,308,leave_fast1_p0_n8_n2_n1,(not (boarded p0 fast1)),(not (P_ARTIFICIAL1006 ))
669,1,309,leave_fast1_p0_n8_n2_n1,(not (passengers fast1 n2)),(not (P_ARTIFICIAL1003 ))
670,1,310,leave_fast1_p2_n8_n2_n1,(not (boarded p2 fast1)),(not (P_ARTIFICIAL1007 ))
671,1,311,leave_fast1_p2_n8_n2_n1,(not (passengers fast1 n2)),(not (P_ARTIFICIAL1003 ))
672,1,312,leave_fast1_p1_n0_n2_n1,(not (boarded p1 fast1)),(not (P_ARTIFICIAL1005 ))
673,1,313,leave_fast1_p1_n0_n2_n1,(not (passengers fast1 n2)),(not (P_ARTIFICIAL1003 ))
674,1,314,leave_fast1_p0_n0_n2_n1,(not (boarded p0 fast1)),(not (P_ARTIFICIAL1006 ))
675,1,315,leave_fast1_p0_n0_n2_n1,(not (passengers fast1 n2)),(not (P_ARTIFICIAL1003 ))
676,1,316,leave_fast1_p2_n0_n2_n1,(not (boarded p2 fast1)),(not (P_ARTIFICIAL1007 ))
677,1,317,leave_fast1_p2_n0_n2_n1,(not (passengers fast1 n2)),(not (P_ARTIFICIAL1003 ))
678,1,318,leave_fast1_p1_n2_n2_n1,(not (boarded p1 fast1)),(not (P_ARTIFICIAL1005 ))
679,1,319,leave_fast1_p1_n2_n2_n1,(not (passengers fast1 n2)),(not (P_ARTIFICIAL1003 ))
680,1,320,leave_fast1_p0_n2_n2_n1,(not (boarded p0 fast1)),(not (P_ARTIFICIAL1006 ))
681,1,321,leave_fast1_p0_n2_n2_n1,(not (passengers fast1 n2)),(not (P_ARTIFICIAL1003 ))
682,1,322,leave_fast1_p2_n2_n2_n1,(not (boarded p2 fast1)),(not (P_ARTIFICIAL1007 ))
683,1,323,leave_fast1_p2_n2_n2_n1,(not (passengers fast1 n2)),(not (P_ARTIFICIAL1003 ))
684,1,324,leave_fast1_p1_n4_n2_n1,(not (boarded p1 fast1)),(not (P_ARTIFICIAL1005 ))
685,1,325,leave_fast1_p1_n4_n2_n1,(not (passengers fast1 n2)),(not (P_ARTIFICIAL1003 ))
686,1,326,leave_fast1_p0_n4_n2_n1,(not (boarded p0 fast1)),(not (P_ARTIFICIAL1006 ))
687,1,327,leave_fast1_p0_n4_n2_n1,(not (passengers fast1 n2)),(not (P_ARTIFICIAL1003 ))
688,1,328,leave_fast1_p2_n4_n2_n1,(not (boarded p2 fast1)),(not (P_ARTIFICIAL1007 ))
689,1,329,leave_fast1_p2_n4_n2_n1,(not (passengers fast1 n2)),(not (P_ARTIFICIAL1003 ))
690,1,330,leave_fast1_p1_n6_n3_n2,(not (boarded p1 fast1)),(not (P_ARTIFICIAL1005 ))
691,1,331,leave_fast1_p1_n6_n3_n2,(not (passengers fast1 n3)),(not (P_ARTIFICIAL1004 ))
692,1,332,leave_fast1_p0_n6_n3_n2,(not (boarded p0 fast1)),(not (P_ARTIFICIAL1006 ))
693,1,333,leave_fast1_p0_n6_n3_n2,(not (passengers fast1 n3)),(not (P_ARTIFICIAL1004 ))
694,1,334,leave_fast1_p2_n6_n3_n2,(not (boarded p2 fast1)),(not (P_ARTIFICIAL1007 ))
695,1,335,leave_fast1_p2_n6_n3_n2,(not (passengers fast1 n3)),(not (P_ARTIFICIAL1004 ))
696,1,336,leave_fast1_p1_n8_n3_n2,(not (boarded p1 fast1)),(not (P_ARTIFICIAL1005 ))
697,1,337,leave_fast1_p1_n8_n3_n2,(not (passengers fast1 n3)),(not (P_ARTIFICIAL1004 ))
698,1,338,leave_fast1_p0_n8_n3_n2,(not (boarded p0 fast1)),(not (P_ARTIFICIAL1006 ))
699,1,339,leave_fast1_p0_n8_n3_n2,(not (passengers fast1 n3)),(not (P_ARTIFICIAL1004 ))
700,1,340,leave_fast1_p2_n8_n3_n2,(not (boarded p2 fast1)),(not (P_ARTIFICIAL1007 ))
701,1,341,leave_fast1_p2_n8_n3_n2,(not (passengers fast1 n3)),(not (P_ARTIFICIAL1004 ))
702,1,342,leave_fast1_p1_n0_n3_n2,(not (boarded p1 fast1)),(not (P_ARTIFICIAL1005 ))
703,1,343,leave_fast1_p1_n0_n3_n2,(not (passengers fast1 n3)),(not (P_ARTIFICIAL1004 ))
704,1,344,leave_fast1_p0_n0_n3_n2,(not (boarded p0 fast1)),(not (P_ARTIFICIAL1006 ))
705,1,345,leave_fast1_p0_n0_n3_n2,(not (passengers fast1 n3)),(not (P_ARTIFICIAL1004 ))
706,1,346,leave_fast1_p2_n0_n3_n2,(not (boarded p2 fast1)),(not (P_ARTIFICIAL1007 ))
707,1,347,leave_fast1_p2_n0_n3_n2,(not (passengers fast1 n3)),(not (P_ARTIFICIAL1004 ))
708,1,348,leave_fast1_p1_n2_n3_n2,(not (boarded p1 fast1)),(not (P_ARTIFICIAL1005 ))
709,1,349,leave_fast1_p1_n2_n3_n2,(not (passengers fast1 n3)),(not (P_ARTIFICIAL1004 ))
710,1,350,leave_fast1_p0_n2_n3_n2,(not (boarded p0 fast1)),(not (P_ARTIFICIAL1006 ))
711,1,351,leave_fast1_p0_n2_n3_n2,(not (passengers fast1 n3)),(not (P_ARTIFICIAL1004 ))
712,1,352,leave_fast1_p2_n2_n3_n2,(not (boarded p2 fast1)),(not (P_ARTIFICIAL1007 ))
713,1,353,leave_fast1_p2_n2_n3_n2,(not (passengers fast1 n3)),(not (P_ARTIFICIAL1004 ))
714,1,354,leave_fast1_p1_n4_n3_n2,(not (boarded p1 fast1)),(not (P_ARTIFICIAL1005 ))
715,1,355,leave_fast1_p1_n4_n3_n2,(not (passengers fast1 n3)),(not (P_ARTIFICIAL1004 ))
716,1,356,leave_fast1_p0_n4_n3_n2,(not (boarded p0 fast1)),(not (P_ARTIFICIAL1006 ))
717,1,357,leave_fast1_p0_n4_n3_n2,(not (passengers fast1 n3)),(not (P_ARTIFICIAL1004 ))
718,1,358,leave_fast1_p2_n4_n3_n2,(not (boarded p2 fast1)),(not (P_ARTIFICIAL1007 ))
719,1,359,leave_fast1_p2_n4_n3_n2,(not (passengers fast1 n3)),(not (P_ARTIFICIAL1004 ))
720,2,0,board_slow0-0_p3_n4_n0_n1,(passengers slow0-0 n1),(P_ARTIFICIAL2001 )
721,2,1,board_slow0-0_p3_n0_n0_n1,(passengers slow0-0 n1),(P_ARTIFICIAL2001 )
722,2,2,leave_slow0-0_p3_n4_n1_n0,(passengers slow0-0 n0),(P_ARTIFICIAL2000 )
723,2,3,board_slow0-0_p1_n1_n0_n1,(passengers slow0-0 n1),(P_ARTIFICIAL2001 )
724,2,4,leave_slow0-0_p3_n0_n1_n0,(passengers slow0-0 n0),(P_ARTIFICIAL2000 )
725,2,5,board_slow0-0_p3_n2_n0_n1,(passengers slow0-0 n1),(P_ARTIFICIAL2001 )
726,2,6,leave_slow0-0_p3_n1_n1_n0,(passengers slow0-0 n0),(P_ARTIFICIAL2000 )
727,2,7,board_slow0-0_p3_n4_n0_n1,(boarded p3 slow0-0),(P_ARTIFICIAL2002 )
728,2,8,board_slow0-0_p3_n4_n1_n2,(passengers slow0-0 n2),(P_ARTIFICIAL2005 )
729,2,9,board_slow0-0_p1_n1_n0_n1,(boarded p1 slow0-0),(P_ARTIFICIAL2003 )
730,2,10,board_slow0-0_p0_n3_n0_n1,(boarded p0 slow0-0),(P_ARTIFICIAL2004 )
731,2,11,board_slow0-0_p2_n4_n0_n1,(boarded p2 slow0-0),(P_ARTIFICIAL2006 )
732,2,12,board_slow0-0_p0_n3_n0_n1,(passengers slow0-0 n1),(P_ARTIFICIAL2001 )
733,2,13,leave_slow0-0_p3_n2_n1_n0,(passengers slow0-0 n0),(P_ARTIFICIAL2000 )
734,2,14,board_slow0-0_p3_n1_n0_n1,(passengers slow0-0 n1),(P_ARTIFICIAL2001 )
735,2,15,leave_slow0-0_p3_n3_n1_n0,(passengers slow0-0 n0),(P_ARTIFICIAL2000 )
736,2,16,board_slow0-0_p3_n3_n0_n1,(passengers slow0-0 n1),(P_ARTIFICIAL2001 )
737,2,17,leave_slow0-0_p1_n4_n1_n0,(passengers slow0-0 n0),(P_ARTIFICIAL2000 )
738,2,18,leave_slow0-0_p3_n4_n2_n1,(passengers slow0-0 n1),(P_ARTIFICIAL2001 )
739,2,19,leave_slow0-0_p0_n4_n1_n0,(passengers slow0-0 n0),(P_ARTIFICIAL2000 )
740,2,20,board_slow0-0_p3_n0_n0_n1,(boarded p3 slow0-0),(P_ARTIFICIAL2002 )
741,2,21,board_slow0-0_p3_n0_n1_n2,(passengers slow0-0 n2),(P_ARTIFICIAL2005 )
742,2,22,board_slow0-0_p1_n1_n1_n2,(boarded p1 slow0-0),(P_ARTIFICIAL2003 )
743,2,23,board_slow0-0_p0_n3_n1_n2,(boarded p0 slow0-0),(P_ARTIFICIAL2004 )
744,2,24,board_slow0-0_p2_n0_n0_n1,(boarded p2 slow0-0),(P_ARTIFICIAL2006 )
745,2,25,leave_slow0-0_p1_n4_n2_n1,(passengers slow0-0 n1),(P_ARTIFICIAL2001 )
746,2,26,leave_slow0-0_p1_n0_n1_n0,(passengers slow0-0 n0),(P_ARTIFICIAL2000 )
747,2,27,leave_slow0-0_p0_n4_n2_n1,(passengers slow0-0 n1),(P_ARTIFICIAL2001 )
748,2,28,leave_slow0-0_p0_n0_n1_n0,(passengers slow0-0 n0),(P_ARTIFICIAL2000 )
749,2,29,leave_slow0-0_p3_n0_n2_n1,(passengers slow0-0 n1),(P_ARTIFICIAL2001 )
750,2,30,leave_slow0-0_p1_n1_n1_n0,(passengers slow0-0 n0),(P_ARTIFICIAL2000 )
751,2,31,board_slow0-0_p3_n2_n0_n1,(boarded p3 slow0-0),(P_ARTIFICIAL2002 )
752,2,32,board_slow0-0_p1_n1_n1_n2,(passengers slow0-0 n2),(P_ARTIFICIAL2005 )
753,2,33,board_slow0-0_p1_n4_n0_n1,(boarded p1 slow0-0),(P_ARTIFICIAL2003 )
754,2,34,board_slow0-0_p0_n4_n0_n1,(boarded p0 slow0-0),(P_ARTIFICIAL2004 )
755,2,35,board_slow0-0_p2_n2_n0_n1,(boarded p2 slow0-0),(P_ARTIFICIAL2006 )
756,2,36,leave_slow0-0_p1_n0_n2_n1,(passengers slow0-0 n1),(P_ARTIFICIAL2001 )
757,2,37,leave_slow0-0_p0_n1_n1_n0,(passengers slow0-0 n0),(P_ARTIFICIAL2000 )
758,2,38,leave_slow0-0_p0_n0_n2_n1,(passengers slow0-0 n1),(P_ARTIFICIAL2001 )
759,2,39,leave_slow0-0_p1_n2_n1_n0,(passengers slow0-0 n0),(P_ARTIFICIAL2000 )
760,2,40,leave_slow0-0_p3_n1_n2_n1,(passengers slow0-0 n1),(P_ARTIFICIAL2001 )
761,2,41,leave_slow0-0_p0_n2_n1_n0,(passengers slow0-0 n0),(P_ARTIFICIAL2000 )
762,2,42,leave_slow0-0_p1_n1_n2_n1,(passengers slow0-0 n1),(P_ARTIFICIAL2001 )
763,2,43,leave_slow0-0_p1_n3_n1_n0,(passengers slow0-0 n0),(P_ARTIFICIAL2000 )
764,2,44,leave_slow0-0_p0_n1_n2_n1,(passengers slow0-0 n1),(P_ARTIFICIAL2001 )
765,2,45,leave_slow0-0_p0_n3_n1_n0,(passengers slow0-0 n0),(P_ARTIFICIAL2000 )
766,2,46,board_slow0-0_p3_n4_n1_n2,(boarded p3 slow0-0),(P_ARTIFICIAL2002 )
767,2,47,board_slow0-0_p3_n2_n1_n2,(passengers slow0-0 n2),(P_ARTIFICIAL2005 )
768,2,48,board_slow0-0_p1_n0_n0_n1,(boarded p1 slow0-0),(P_ARTIFICIAL2003 )
769,2,49,board_slow0-0_p0_n0_n0_n1,(boarded p0 slow0-0),(P_ARTIFICIAL2004 )
770,2,50,board_slow0-0_p2_n4_n1_n2,(boarded p2 slow0-0),(P_ARTIFICIAL2006 )
771,2,51,leave_slow0-0_p3_n2_n2_n1,(passengers slow0-0 n1),(P_ARTIFICIAL2001 )
772,2,52,leave_slow0-0_p2_n4_n1_n0,(passengers slow0-0 n0),(P_ARTIFICIAL2000 )
773,2,53,leave_slow0-0_p1_n2_n2_n1,(passengers slow0-0 n1),(P_ARTIFICIAL2001 )
774,2,54,leave_slow0-0_p2_n0_n1_n0,(passengers slow0-0 n0),(P_ARTIFICIAL2000 )
775,2,55,leave_slow0-0_p0_n2_n2_n1,(passengers slow0-0 n1),(P_ARTIFICIAL2001 )
776,2,56,leave_slow0-0_p2_n1_n1_n0,(passengers slow0-0 n0),(P_ARTIFICIAL2000 )
777,2,57,leave_slow0-0_p3_n3_n2_n1,(passengers slow0-0 n1),(P_ARTIFICIAL2001 )
778,2,58,leave_slow0-0_p2_n2_n1_n0,(passengers slow0-0 n0),(P_ARTIFICIAL2000 )
779,2,59,board_slow0-0_p3_n0_n1_n2,(boarded p3 slow0-0),(P_ARTIFICIAL2002 )
780,2,60,board_slow0-0_p0_n3_n1_n2,(passengers slow0-0 n2),(P_ARTIFICIAL2005 )
781,2,61,board_slow0-0_p0_n1_n0_n1,(boarded p0 slow0-0),(P_ARTIFICIAL2004 )
782,2,62,board_slow0-0_p1_n2_n0_n1,(boarded p1 slow0-0),(P_ARTIFICIAL2003 )
783,2,63,board_slow0-0_p2_n0_n1_n2,(boarded p2 slow0-0),(P_ARTIFICIAL2006 )
784,2,64,leave_slow0-0_p1_n3_n2_n1,(passengers slow0-0 n1),(P_ARTIFICIAL2001 )
785,2,65,leave_slow0-0_p2_n3_n1_n0,(passengers slow0-0 n0),(P_ARTIFICIAL2000 )
786,2,66,leave_slow0-0_p0_n3_n2_n1,(passengers slow0-0 n1),(P_ARTIFICIAL2001 )
787,2,67,board_slow0-0_p1_n4_n0_n1,(passengers slow0-0 n1),(P_ARTIFICIAL2001 )
788,2,68,board_slow0-0_p3_n2_n1_n2,(boarded p3 slow0-0),(P_ARTIFICIAL2002 )
789,2,69,board_slow0-0_p3_n1_n1_n2,(passengers slow0-0 n2),(P_ARTIFICIAL2005 )
790,2,70,board_slow0-0_p0_n2_n0_n1,(boarded p0 slow0-0),(P_ARTIFICIAL2004 )
791,2,71,board_slow0-0_p1_n3_n0_n1,(boarded p1 slow0-0),(P_ARTIFICIAL2003 )
792,2,72,board_slow0-0_p2_n2_n1_n2,(boarded p2 slow0-0),(P_ARTIFICIAL2006 )
793,2,73,board_slow0-0_p0_n4_n0_n1,(passengers slow0-0 n1),(P_ARTIFICIAL2001 )
794,2,74,board_slow0-0_p1_n0_n0_n1,(passengers slow0-0 n1),(P_ARTIFICIAL2001 )
795,2,75,board_slow0-0_p0_n0_n0_n1,(passengers slow0-0 n1),(P_ARTIFICIAL2001 )
796,2,76,board_slow0-0_p0_n1_n0_n1,(passengers slow0-0 n1),(P_ARTIFICIAL2001 )
797,2,77,board_slow0-0_p3_n1_n0_n1,(boarded p3 slow0-0),(P_ARTIFICIAL2002 )
798,2,78,board_slow0-0_p3_n3_n1_n2,(passengers slow0-0 n2),(P_ARTIFICIAL2005 )
799,2,79,board_slow0-0_p1_n4_n1_n2,(boarded p1 slow0-0),(P_ARTIFICIAL2003 )
800,2,80,board_slow0-0_p0_n4_n1_n2,(boarded p0 slow0-0),(P_ARTIFICIAL2004 )
801,2,81,board_slow0-0_p2_n1_n0_n1,(boarded p2 slow0-0),(P_ARTIFICIAL2006 )
802,2,82,board_slow0-0_p1_n2_n0_n1,(passengers slow0-0 n1),(P_ARTIFICIAL2001 )
803,2,83,board_slow0-0_p0_n2_n0_n1,(passengers slow0-0 n1),(P_ARTIFICIAL2001 )
804,2,84,board_slow0-0_p1_n3_n0_n1,(passengers slow0-0 n1),(P_ARTIFICIAL2001 )
805,2,85,board_slow0-0_p2_n4_n0_n1,(passengers slow0-0 n1),(P_ARTIFICIAL2001 )
806,2,86,board_slow0-0_p2_n0_n0_n1,(passengers slow0-0 n1),(P_ARTIFICIAL2001 )
807,2,87,board_slow0-0_p3_n3_n0_n1,(boarded p3 slow0-0),(P_ARTIFICIAL2002 )
808,2,88,board_slow0-0_p1_n4_n1_n2,(passengers slow0-0 n2),(P_ARTIFICIAL2005 )
809,2,89,board_slow0-0_p1_n0_n1_n2,(boarded p1 slow0-0),(P_ARTIFICIAL2003 )
810,2,90,board_slow0-0_p0_n0_n1_n2,(boarded p0 slow0-0),(P_ARTIFICIAL2004 )
811,2,91,board_slow0-0_p2_n3_n0_n1,(boarded p2 slow0-0),(P_ARTIFICIAL2006 )
812,2,92,board_slow0-0_p2_n2_n0_n1,(passengers slow0-0 n1),(P_ARTIFICIAL2001 )
813,2,93,board_slow0-0_p2_n1_n0_n1,(passengers slow0-0 n1),(P_ARTIFICIAL2001 )
814,2,94,board_slow0-0_p2_n3_n0_n1,(passengers slow0-0 n1),(P_ARTIFICIAL2001 )
815,2,95,leave_slow0-0_p2_n4_n2_n1,(passengers slow0-0 n1),(P_ARTIFICIAL2001 )
816,2,96,board_slow0-0_p3_n1_n1_n2,(boarded p3 slow0-0),(P_ARTIFICIAL2002 )
817,2,97,board_slow0-0_p0_n4_n1_n2,(passengers slow0-0 n2),(P_ARTIFICIAL2005 )
818,2,98,board_slow0-0_p0_n1_n1_n2,(boarded p0 slow0-0),(P_ARTIFICIAL2004 )
819,2,99,board_slow0-0_p1_n2_n1_n2,(boarded p1 slow0-0),(P_ARTIFICIAL2003 )
820,2,100,board_slow0-0_p2_n1_n1_n2,(boarded p2 slow0-0),(P_ARTIFICIAL2006 )
821,2,101,leave_slow0-0_p2_n0_n2_n1,(passengers slow0-0 n1),(P_ARTIFICIAL2001 )
822,2,102,leave_slow0-0_p2_n1_n2_n1,(passengers slow0-0 n1),(P_ARTIFICIAL2001 )
823,2,103,leave_slow0-0_p2_n2_n2_n1,(passengers slow0-0 n1),(P_ARTIFICIAL2001 )
824,2,104,leave_slow0-0_p2_n3_n2_n1,(passengers slow0-0 n1),(P_ARTIFICIAL2001 )
825,2,105,board_slow0-0_p3_n3_n1_n2,(boarded p3 slow0-0),(P_ARTIFICIAL2002 )
826,2,106,board_slow0-0_p1_n0_n1_n2,(passengers slow0-0 n2),(P_ARTIFICIAL2005 )
827,2,107,board_slow0-0_p0_n2_n1_n2,(boarded p0 slow0-0),(P_ARTIFICIAL2004 )
828,2,108,board_slow0-0_p1_n3_n1_n2,(boarded p1 slow0-0),(P_ARTIFICIAL2003 )
829,2,109,board_slow0-0_p2_n3_n1_n2,(boarded p2 slow0-0),(P_ARTIFICIAL2006 )
830,2,110,board_slow0-0_p0_n0_n1_n2,(passengers slow0-0 n2),(P_ARTIFICIAL2005 )
831,2,111,board_slow0-0_p0_n1_n1_n2,(passengers slow0-0 n2),(P_ARTIFICIAL2005 )
832,2,112,board_slow0-0_p1_n2_n1_n2,(passengers slow0-0 n2),(P_ARTIFICIAL2005 )
833,2,113,board_slow0-0_p0_n2_n1_n2,(passengers slow0-0 n2),(P_ARTIFICIAL2005 )
834,2,114,board_slow0-0_p1_n3_n1_n2,(passengers slow0-0 n2),(P_ARTIFICIAL2005 )
835,2,115,board_slow0-0_p2_n4_n1_n2,(passengers slow0-0 n2),(P_ARTIFICIAL2005 )
836,2,116,board_slow0-0_p2_n0_n1_n2,(passengers slow0-0 n2),(P_ARTIFICIAL2005 )
837,2,117,board_slow0-0_p2_n2_n1_n2,(passengers slow0-0 n2),(P_ARTIFICIAL2005 )
838,2,118,board_slow0-0_p2_n1_n1_n2,(passengers slow0-0 n2),(P_ARTIFICIAL2005 )
839,2,119,board_slow0-0_p2_n3_n1_n2,(passengers slow0-0 n2),(P_ARTIFICIAL2005 )
840,2,120,board_slow0-0_p3_n4_n0_n1,(not (passengers slow0-0 n0)),(not (P_ARTIFICIAL2000 ))
841,2,121,board_slow0-0_p3_n0_n0_n1,(not (passengers slow0-0 n0)),(not (P_ARTIFICIAL2000 ))
842,2,122,board_slow0-0_p1_n1_n0_n1,(not (passengers slow0-0 n0)),(not (P_ARTIFICIAL2000 ))
843,2,123,board_slow0-0_p3_n2_n0_n1,(not (passengers slow0-0 n0)),(not (P_ARTIFICIAL2000 ))
844,2,124,board_slow0-0_p0_n3_n0_n1,(not (passengers slow0-0 n0)),(not (P_ARTIFICIAL2000 ))
845,2,125,board_slow0-0_p3_n4_n1_n2,(not (passengers slow0-0 n1)),(not (P_ARTIFICIAL2001 ))
846,2,126,board_slow0-0_p3_n0_n1_n2,(not (passengers slow0-0 n1)),(not (P_ARTIFICIAL2001 ))
847,2,127,board_slow0-0_p1_n1_n1_n2,(not (passengers slow0-0 n1)),(not (P_ARTIFICIAL2001 ))
848,2,128,board_slow0-0_p3_n2_n1_n2,(not (passengers slow0-0 n1)),(not (P_ARTIFICIAL2001 ))
849,2,129,board_slow0-0_p0_n3_n1_n2,(not (passengers slow0-0 n1)),(not (P_ARTIFICIAL2001 ))
850,2,130,leave_slow0-0_p3_n4_n1_n0,(not (boarded p3 slow0-0)),(not (P_ARTIFICIAL2002 ))
851,2,131,leave_slow0-0_p3_n4_n1_n0,(not (passengers slow0-0 n1)),(not (P_ARTIFICIAL2001 ))
852,2,132,leave_slow0-0_p3_n0_n1_n0,(not (boarded p3 slow0-0)),(not (P_ARTIFICIAL2002 ))
853,2,133,leave_slow0-0_p3_n0_n1_n0,(not (passengers slow0-0 n1)),(not (P_ARTIFICIAL2001 ))
854,2,134,leave_slow0-0_p3_n1_n1_n0,(not (boarded p3 slow0-0)),(not (P_ARTIFICIAL2002 ))
855,2,135,leave_slow0-0_p3_n1_n1_n0,(not (passengers slow0-0 n1)),(not (P_ARTIFICIAL2001 ))
856,2,136,leave_slow0-0_p3_n2_n1_n0,(not (boarded p3 slow0-0)),(not (P_ARTIFICIAL2002 ))
857,2,137,leave_slow0-0_p3_n2_n1_n0,(not (passengers slow0-0 n1)),(not (P_ARTIFICIAL2001 ))
858,2,138,leave_slow0-0_p3_n3_n1_n0,(not (boarded p3 slow0-0)),(not (P_ARTIFICIAL2002 ))
859,2,139,leave_slow0-0_p3_n3_n1_n0,(not (passengers slow0-0 n1)),(not (P_ARTIFICIAL2001 ))
860,2,140,board_slow0-0_p3_n1_n0_n1,(not (passengers slow0-0 n0)),(not (P_ARTIFICIAL2000 ))
861,2,141,board_slow0-0_p3_n3_n0_n1,(not (passengers slow0-0 n0)),(not (P_ARTIFICIAL2000 ))
862,2,142,board_slow0-0_p3_n1_n1_n2,(not (passengers slow0-0 n1)),(not (P_ARTIFICIAL2001 ))
863,2,143,board_slow0-0_p3_n3_n1_n2,(not (passengers slow0-0 n1)),(not (P_ARTIFICIAL2001 ))
864,2,144,leave_slow0-0_p1_n4_n1_n0,(not (boarded p1 slow0-0)),(not (P_ARTIFICIAL2003 ))
865,2,145,leave_slow0-0_p1_n4_n1_n0,(not (passengers slow0-0 n1)),(not (P_ARTIFICIAL2001 ))
866,2,146,leave_slow0-0_p0_n4_n1_n0,(not (boarded p0 slow0-0)),(not (P_ARTIFICIAL2004 ))
867,2,147,leave_slow0-0_p0_n4_n1_n0,(not (passengers slow0-0 n1)),(not (P_ARTIFICIAL2001 ))
868,2,148,leave_slow0-0_p1_n0_n1_n0,(not (boarded p1 slow0-0)),(not (P_ARTIFICIAL2003 ))
869,2,149,leave_slow0-0_p1_n0_n1_n0,(not (passengers slow0-0 n1)),(not (P_ARTIFICIAL2001 ))
870,2,150,leave_slow0-0_p0_n0_n1_n0,(not (boarded p0 slow0-0)),(not (P_ARTIFICIAL2004 ))
871,2,151,leave_slow0-0_p0_n0_n1_n0,(not (passengers slow0-0 n1)),(not (P_ARTIFICIAL2001 ))
872,2,152,leave_slow0-0_p1_n1_n1_n0,(not (boarded p1 slow0-0)),(not (P_ARTIFICIAL2003 ))
873,2,153,leave_slow0-0_p1_n1_n1_n0,(not (passengers slow0-0 n1)),(not (P_ARTIFICIAL2001 ))
874,2,154,leave_slow0-0_p0_n1_n1_n0,(not (boarded p0 slow0-0)),(not (P_ARTIFICIAL2004 ))
875,2,155,leave_slow0-0_p0_n1_n1_n0,(not (passengers slow0-0 n1)),(not (P_ARTIFICIAL2001 ))
876,2,156,leave_slow0-0_p1_n2_n1_n0,(not (boarded p1 slow0-0)),(not (P_ARTIFICIAL2003 ))
877,2,157,leave_slow0-0_p1_n2_n1_n0,(not (passengers slow0-0 n1)),(not (P_ARTIFICIAL2001 ))
878,2,158,leave_slow0-0_p0_n2_n1_n0,(not (boarded p0 slow0-0)),(not (P_ARTIFICIAL2004 ))
879,2,159,leave_slow0-0_p0_n2_n1_n0,(not (passengers slow0-0 n1)),(not (P_ARTIFICIAL2001 ))
880,2,160,leave_slow0-0_p1_n3_n1_n0,(not (boarded p1 slow0-0)),(not (P_ARTIFICIAL2003 ))
881,2,161,leave_slow0-0_p1_n3_n1_n0,(not (passengers slow0-0 n1)),(not (P_ARTIFICIAL2001 ))
882,2,162,leave_slow0-0_p0_n3_n1_n0,(not (boarded p0 slow0-0)),(not (P_ARTIFICIAL2004 ))
883,2,163,leave_slow0-0_p0_n3_n1_n0,(not (passengers slow0-0 n1)),(not (P_ARTIFICIAL2001 ))
884,2,164,leave_slow0-0_p3_n4_n2_n1,(not (boarded p3 slow0-0)),(not (P_ARTIFICIAL2002 ))
885,2,165,leave_slow0-0_p3_n4_n2_n1,(not (passengers slow0-0 n2)),(not (P_ARTIFICIAL2005 ))
886,2,166,leave_slow0-0_p1_n4_n2_n1,(not (boarded p1 slow0-0)),(not (P_ARTIFICIAL2003 ))
887,2,167,leave_slow0-0_p1_n4_n2_n1,(not (passengers slow0-0 n2)),(not (P_ARTIFICIAL2005 ))
888,2,168,leave_slow0-0_p0_n4_n2_n1,(not (boarded p0 slow0-0)),(not (P_ARTIFICIAL2004 ))
889,2,169,leave_slow0-0_p0_n4_n2_n1,(not (passengers slow0-0 n2)),(not (P_ARTIFICIAL2005 ))
890,2,170,leave_slow0-0_p3_n0_n2_n1,(not (boarded p3 slow0-0)),(not (P_ARTIFICIAL2002 ))
891,2,171,leave_slow0-0_p3_n0_n2_n1,(not (passengers slow0-0 n2)),(not (P_ARTIFICIAL2005 ))
892,2,172,leave_slow0-0_p1_n0_n2_n1,(not (boarded p1 slow0-0)),(not (P_ARTIFICIAL2003 ))
893,2,173,leave_slow0-0_p1_n0_n2_n1,(not (passengers slow0-0 n2)),(not (P_ARTIFICIAL2005 ))
894,2,174,leave_slow0-0_p0_n0_n2_n1,(not (boarded p0 slow0-0)),(not (P_ARTIFICIAL2004 ))
895,2,175,leave_slow0-0_p0_n0_n2_n1,(not (passengers slow0-0 n2)),(not (P_ARTIFICIAL2005 ))
896,2,176,leave_slow0-0_p3_n1_n2_n1,(not (boarded p3 slow0-0)),(not (P_ARTIFICIAL2002 ))
897,2,177,leave_slow0-0_p3_n1_n2_n1,(not (passengers slow0-0 n2)),(not (P_ARTIFICIAL2005 ))
898,2,178,leave_slow0-0_p1_n1_n2_n1,(not (boarded p1 slow0-0)),(not (P_ARTIFICIAL2003 ))
899,2,179,leave_slow0-0_p1_n1_n2_n1,(not (passengers slow0-0 n2)),(not (P_ARTIFICIAL2005 ))
900,2,180,leave_slow0-0_p0_n1_n2_n1,(not (boarded p0 slow0-0)),(not (P_ARTIFICIAL2004 ))
901,2,181,leave_slow0-0_p0_n1_n2_n1,(not (passengers slow0-0 n2)),(not (P_ARTIFICIAL2005 ))
902,2,182,leave_slow0-0_p3_n2_n2_n1,(not (boarded p3 slow0-0)),(not (P_ARTIFICIAL2002 ))
903,2,183,leave_slow0-0_p3_n2_n2_n1,(not (passengers slow0-0 n2)),(not (P_ARTIFICIAL2005 ))
904,2,184,leave_slow0-0_p1_n2_n2_n1,(not (boarded p1 slow0-0)),(not (P_ARTIFICIAL2003 ))
905,2,185,leave_slow0-0_p1_n2_n2_n1,(not (passengers slow0-0 n2)),(not (P_ARTIFICIAL2005 ))
906,2,186,leave_slow0-0_p0_n2_n2_n1,(not (boarded p0 slow0-0)),(not (P_ARTIFICIAL2004 ))
907,2,187,leave_slow0-0_p0_n2_n2_n1,(not (passengers slow0-0 n2)),(not (P_ARTIFICIAL2005 ))
908,2,188,leave_slow0-0_p3_n3_n2_n1,(not (boarded p3 slow0-0)),(not (P_ARTIFICIAL2002 ))
909,2,189,leave_slow0-0_p3_n3_n2_n1,(not (passengers slow0-0 n2)),(not (P_ARTIFICIAL2005 ))
910,2,190,leave_slow0-0_p1_n3_n2_n1,(not (boarded p1 slow0-0)),(not (P_ARTIFICIAL2003 ))
911,2,191,leave_slow0-0_p1_n3_n2_n1,(not (passengers slow0-0 n2)),(not (P_ARTIFICIAL2005 ))
912,2,192,leave_slow0-0_p0_n3_n2_n1,(not (boarded p0 slow0-0)),(not (P_ARTIFICIAL2004 ))
913,2,193,leave_slow0-0_p0_n3_n2_n1,(not (passengers slow0-0 n2)),(not (P_ARTIFICIAL2005 ))
914,2,194,board_slow0-0_p1_n4_n0_n1,(not (passengers slow0-0 n0)),(not (P_ARTIFICIAL2000 ))
915,2,195,board_slow0-0_p0_n4_n0_n1,(not (passengers slow0-0 n0)),(not (P_ARTIFICIAL2000 ))
916,2,196,board_slow0-0_p1_n0_n0_n1,(not (passengers slow0-0 n0)),(not (P_ARTIFICIAL2000 ))
917,2,197,board_slow0-0_p0_n0_n0_n1,(not (passengers slow0-0 n0)),(not (P_ARTIFICIAL2000 ))
918,2,198,board_slow0-0_p0_n1_n0_n1,(not (passengers slow0-0 n0)),(not (P_ARTIFICIAL2000 ))
919,2,199,board_slow0-0_p1_n2_n0_n1,(not (passengers slow0-0 n0)),(not (P_ARTIFICIAL2000 ))
920,2,200,board_slow0-0_p0_n2_n0_n1,(not (passengers slow0-0 n0)),(not (P_ARTIFICIAL2000 ))
921,2,201,board_slow0-0_p1_n3_n0_n1,(not (passengers slow0-0 n0)),(not (P_ARTIFICIAL2000 ))
922,2,202,board_slow0-0_p1_n4_n1_n2,(not (passengers slow0-0 n1)),(not (P_ARTIFICIAL2001 ))
923,2,203,board_slow0-0_p0_n4_n1_n2,(not (passengers slow0-0 n1)),(not (P_ARTIFICIAL2001 ))
924,2,204,board_slow0-0_p1_n0_n1_n2,(not (passengers slow0-0 n1)),(not (P_ARTIFICIAL2001 ))
925,2,205,board_slow0-0_p0_n0_n1_n2,(not (passengers slow0-0 n1)),(not (P_ARTIFICIAL2001 ))
926,2,206,board_slow0-0_p0_n1_n1_n2,(not (passengers slow0-0 n1)),(not (P_ARTIFICIAL2001 ))
927,2,207,board_slow0-0_p1_n2_n1_n2,(not (passengers slow0-0 n1)),(not (P_ARTIFICIAL2001 ))
928,2,208,board_slow0-0_p0_n2_n1_n2,(not (passengers slow0-0 n1)),(not (P_ARTIFICIAL2001 ))
929,2,209,board_slow0-0_p1_n3_n1_n2,(not (passengers slow0-0 n1)),(not (P_ARTIFICIAL2001 ))
930,2,210,board_slow0-0_p2_n4_n0_n1,(not (passengers slow0-0 n0)),(not (P_ARTIFICIAL2000 ))
931,2,211,board_slow0-0_p2_n0_n0_n1,(not (passengers slow0-0 n0)),(not (P_ARTIFICIAL2000 ))
932,2,212,board_slow0-0_p2_n2_n0_n1,(not (passengers slow0-0 n0)),(not (P_ARTIFICIAL2000 ))
933,2,213,board_slow0-0_p2_n4_n1_n2,(not (passengers slow0-0 n1)),(not (P_ARTIFICIAL2001 ))
934,2,214,board_slow0-0_p2_n0_n1_n2,(not (passengers slow0-0 n1)),(not (P_ARTIFICIAL2001 ))
935,2,215,board_slow0-0_p2_n2_n1_n2,(not (passengers slow0-0 n1)),(not (P_ARTIFICIAL2001 ))
936,2,216,leave_slow0-0_p2_n4_n1_n0,(not (boarded p2 slow0-0)),(not (P_ARTIFICIAL2006 ))
937,2,217,leave_slow0-0_p2_n4_n1_n0,(not (passengers slow0-0 n1)),(not (P_ARTIFICIAL2001 ))
938,2,218,leave_slow0-0_p2_n0_n1_n0,(not (boarded p2 slow0-0)),(not (P_ARTIFICIAL2006 ))
939,2,219,leave_slow0-0_p2_n0_n1_n0,(not (passengers slow0-0 n1)),(not (P_ARTIFICIAL2001 ))
940,2,220,leave_slow0-0_p2_n1_n1_n0,(not (boarded p2 slow0-0)),(not (P_ARTIFICIAL2006 ))
941,2,221,leave_slow0-0_p2_n1_n1_n0,(not (passengers slow0-0 n1)),(not (P_ARTIFICIAL2001 ))
942,2,222,leave_slow0-0_p2_n2_n1_n0,(not (boarded p2 slow0-0)),(not (P_ARTIFICIAL2006 ))
943,2,223,leave_slow0-0_p2_n2_n1_n0,(not (passengers slow0-0 n1)),(not (P_ARTIFICIAL2001 ))
944,2,224,leave_slow0-0_p2_n3_n1_n0,(not (boarded p2 slow0-0)),(not (P_ARTIFICIAL2006 ))
945,2,225,leave_slow0-0_p2_n3_n1_n0,(not (passengers slow0-0 n1)),(not (P_ARTIFICIAL2001 ))
946,2,226,board_slow0-0_p2_n1_n0_n1,(not (passengers slow0-0 n0)),(not (P_ARTIFICIAL2000 ))
947,2,227,board_slow0-0_p2_n3_n0_n1,(not (passengers slow0-0 n0)),(not (P_ARTIFICIAL2000 ))
948,2,228,board_slow0-0_p2_n1_n1_n2,(not (passengers slow0-0 n1)),(not (P_ARTIFICIAL2001 ))
949,2,229,board_slow0-0_p2_n3_n1_n2,(not (passengers slow0-0 n1)),(not (P_ARTIFICIAL2001 ))
950,2,230,leave_slow0-0_p2_n4_n2_n1,(not (boarded p2 slow0-0)),(not (P_ARTIFICIAL2006 ))
951,2,231,leave_slow0-0_p2_n4_n2_n1,(not (passengers slow0-0 n2)),(not (P_ARTIFICIAL2005 ))
952,2,232,leave_slow0-0_p2_n0_n2_n1,(not (boarded p2 slow0-0)),(not (P_ARTIFICIAL2006 ))
953,2,233,leave_slow0-0_p2_n0_n2_n1,(not (passengers slow0-0 n2)),(not (P_ARTIFICIAL2005 ))
954,2,234,leave_slow0-0_p2_n1_n2_n1,(not (boarded p2 slow0-0)),(not (P_ARTIFICIAL2006 ))
955,2,235,leave_slow0-0_p2_n1_n2_n1,(not (passengers slow0-0 n2)),(not (P_ARTIFICIAL2005 ))
956,2,236,leave_slow0-0_p2_n2_n2_n1,(not (boarded p2 slow0-0)),(not (P_ARTIFICIAL2006 ))
957,2,237,leave_slow0-0_p2_n2_n2_n1,(not (passengers slow0-0 n2)),(not (P_ARTIFICIAL2005 ))
958,2,238,leave_slow0-0_p2_n3_n2_n1,(not (boarded p2 slow0-0)),(not (P_ARTIFICIAL2006 ))
959,2,239,leave_slow0-0_p2_n3_n2_n1,(not (passengers slow0-0 n2)),(not (P_ARTIFICIAL2005 ))
960,3,0,board_slow1-0_p3_n4_n0_n1,(passengers slow1-0 n1),(P_ARTIFICIAL3001 )
961,3,1,board_slow1-0_p1_n4_n0_n1,(passengers slow1-0 n1),(P_ARTIFICIAL3001 )
962,3,2,board_slow1-0_p3_n4_n0_n1,(passengers slow1-0 n0),(P_ARTIFICIAL3000 )
963,3,3,board_slow1-0_p0_n4_n0_n1,(passengers slow1-0 n1),(P_ARTIFICIAL3001 )
964,3,4,board_slow1-0_p1_n4_n0_n1,(passengers slow1-0 n0),(P_ARTIFICIAL3000 )
965,3,5,board_slow1-0_p3_n6_n0_n1,(passengers slow1-0 n1),(P_ARTIFICIAL3001 )
966,3,6,board_slow1-0_p0_n4_n0_n1,(passengers slow1-0 n0),(P_ARTIFICIAL3000 )
967,3,7,board_slow1-0_p3_n4_n0_n1,(boarded p3 slow1-0),(P_ARTIFICIAL3002 )
968,3,8,board_slow1-0_p3_n4_n0_n1,(passengers slow1-0 n2),(P_ARTIFICIAL3006 )
969,3,9,board_slow1-0_p1_n4_n0_n1,(boarded p1 slow1-0),(P_ARTIFICIAL3003 )
970,3,10,board_slow1-0_p0_n4_n0_n1,(boarded p0 slow1-0),(P_ARTIFICIAL3004 )
971,3,11,board_slow1-0_p2_n4_n0_n1,(boarded p2 slow1-0),(P_ARTIFICIAL3005 )
972,3,12,board_slow1-0_p3_n8_n0_n1,(passengers slow1-0 n1),(P_ARTIFICIAL3001 )
973,3,13,board_slow1-0_p3_n6_n0_n1,(passengers slow1-0 n0),(P_ARTIFICIAL3000 )
974,3,14,board_slow1-0_p3_n4_n1_n2,(passengers slow1-0 n1),(P_ARTIFICIAL3001 )
975,3,15,board_slow1-0_p3_n8_n0_n1,(passengers slow1-0 n0),(P_ARTIFICIAL3000 )
976,3,16,board_slow1-0_p1_n4_n1_n2,(passengers slow1-0 n1),(P_ARTIFICIAL3001 )
977,3,17,board_slow1-0_p3_n4_n1_n2,(passengers slow1-0 n0),(P_ARTIFICIAL3000 )
978,3,18,board_slow1-0_p0_n4_n1_n2,(passengers slow1-0 n1),(P_ARTIFICIAL3001 )
979,3,19,board_slow1-0_p1_n4_n1_n2,(passengers slow1-0 n0),(P_ARTIFICIAL3000 )
980,3,20,board_slow1-0_p3_n6_n0_n1,(boarded p3 slow1-0),(P_ARTIFICIAL3002 )
981,3,21,board_slow1-0_p1_n4_n0_n1,(passengers slow1-0 n2),(P_ARTIFICIAL3006 )
982,3,22,board_slow1-0_p1_n4_n1_n2,(boarded p1 slow1-0),(P_ARTIFICIAL3003 )
983,3,23,board_slow1-0_p0_n4_n1_n2,(boarded p0 slow1-0),(P_ARTIFICIAL3004 )
984,3,24,board_slow1-0_p2_n5_n0_n1,(boarded p2 slow1-0),(P_ARTIFICIAL3005 )
985,3,25,board_slow1-0_p3_n6_n1_n2,(passengers slow1-0 n1),(P_ARTIFICIAL3001 )
986,3,26,board_slow1-0_p0_n4_n1_n2,(passengers slow1-0 n0),(P_ARTIFICIAL3000 )
987,3,27,board_slow1-0_p3_n8_n1_n2,(passengers slow1-0 n1),(P_ARTIFICIAL3001 )
988,3,28,board_slow1-0_p3_n6_n1_n2,(passengers slow1-0 n0),(P_ARTIFICIAL3000 )
989,3,29,leave_slow1-0_p3_n4_n1_n0,(passengers slow1-0 n1),(P_ARTIFICIAL3001 )
990,3,30,board_slow1-0_p3_n8_n1_n2,(passengers slow1-0 n0),(P_ARTIFICIAL3000 )
991,3,31,board_slow1-0_p3_n8_n0_n1,(boarded p3 slow1-0),(P_ARTIFICIAL3002 )
992,3,32,board_slow1-0_p0_n4_n0_n1,(passengers slow1-0 n2),(P_ARTIFICIAL3006 )
993,3,33,board_slow1-0_p1_n5_n0_n1,(boarded p1 slow1-0),(P_ARTIFICIAL3003 )
994,3,34,board_slow1-0_p0_n5_n0_n1,(boarded p0 slow1-0),(P_ARTIFICIAL3004 )
995,3,35,board_slow1-0_p2_n6_n0_n1,(boarded p2 slow1-0),(P_ARTIFICIAL3005 )
996,3,36,leave_slow1-0_p1_n4_n1_n0,(passengers slow1-0 n1),(P_ARTIFICIAL3001 )
997,3,37,leave_slow1-0_p3_n4_n1_n0,(passengers slow1-0 n0),(P_ARTIFICIAL3000 )
998,3,38,leave_slow1-0_p0_n4_n1_n0,(passengers slow1-0 n1),(P_ARTIFICIAL3001 )
999,3,39,leave_slow1-0_p1_n4_n1_n0,(passengers slow1-0 n0),(P_ARTIFICIAL3000 )
1000,3,40,leave_slow1-0_p3_n5_n1_n0,(passengers slow1-0 n1),(P_ARTIFICIAL3001 )
1001,3,41,leave_slow1-0_p0_n4_n1_n0,(passengers slow1-0 n0),(P_ARTIFICIAL3000 )
1002,3,42,leave_slow1-0_p1_n5_n1_n0,(passengers slow1-0 n1),(P_ARTIFICIAL3001 )
1003,3,43,leave_slow1-0_p3_n5_n1_n0,(passengers slow1-0 n0),(P_ARTIFICIAL3000 )
1004,3,44,leave_slow1-0_p0_n5_n1_n0,(passengers slow1-0 n1),(P_ARTIFICIAL3001 )
1005,3,45,leave_slow1-0_p1_n5_n1_n0,(passengers slow1-0 n0),(P_ARTIFICIAL3000 )
1006,3,46,board_slow1-0_p3_n4_n1_n2,(boarded p3 slow1-0),(P_ARTIFICIAL3002 )
1007,3,47,board_slow1-0_p3_n6_n0_n1,(passengers slow1-0 n2),(P_ARTIFICIAL3006 )
1008,3,48,board_slow1-0_p1_n6_n0_n1,(boarded p1 slow1-0),(P_ARTIFICIAL3003 )
1009,3,49,board_slow1-0_p0_n6_n0_n1,(boarded p0 slow1-0),(P_ARTIFICIAL3004 )
1010,3,50,board_slow1-0_p2_n8_n0_n1,(boarded p2 slow1-0),(P_ARTIFICIAL3005 )
1011,3,51,leave_slow1-0_p3_n6_n1_n0,(passengers slow1-0 n1),(P_ARTIFICIAL3001 )
1012,3,52,leave_slow1-0_p0_n5_n1_n0,(passengers slow1-0 n0),(P_ARTIFICIAL3000 )
1013,3,53,leave_slow1-0_p1_n6_n1_n0,(passengers slow1-0 n1),(P_ARTIFICIAL3001 )
1014,3,54,leave_slow1-0_p3_n6_n1_n0,(passengers slow1-0 n0),(P_ARTIFICIAL3000 )
1015,3,55,leave_slow1-0_p0_n6_n1_n0,(passengers slow1-0 n1),(P_ARTIFICIAL3001 )
1016,3,56,leave_slow1-0_p1_n6_n1_n0,(passengers slow1-0 n0),(P_ARTIFICIAL3000 )
1017,3,57,leave_slow1-0_p3_n8_n1_n0,(passengers slow1-0 n1),(P_ARTIFICIAL3001 )
1018,3,58,leave_slow1-0_p0_n6_n1_n0,(passengers slow1-0 n0),(P_ARTIFICIAL3000 )
1019,3,59,board_slow1-0_p3_n6_n1_n2,(boarded p3 slow1-0),(P_ARTIFICIAL3002 )
1020,3,60,board_slow1-0_p3_n8_n0_n1,(passengers slow1-0 n2),(P_ARTIFICIAL3006 )
1021,3,61,board_slow1-0_p1_n8_n0_n1,(boarded p1 slow1-0),(P_ARTIFICIAL3003 )
1022,3,62,board_slow1-0_p0_n8_n0_n1,(boarded p0 slow1-0),(P_ARTIFICIAL3004 )
1023,3,63,board_slow1-0_p2_n4_n1_n2,(boarded p2 slow1-0),(P_ARTIFICIAL3005 )
1024,3,64,leave_slow1-0_p1_n8_n1_n0,(passengers slow1-0 n1),(P_ARTIFICIAL3001 )
1025,3,65,leave_slow1-0_p3_n8_n1_n0,(passengers slow1-0 n0),(P_ARTIFICIAL3000 )
1026,3,66,leave_slow1-0_p0_n8_n1_n0,(passengers slow1-0 n1),(P_ARTIFICIAL3001 )
1027,3,67,leave_slow1-0_p1_n8_n1_n0,(passengers slow1-0 n0),(P_ARTIFICIAL3000 )
1028,3,68,board_slow1-0_p3_n5_n0_n1,(passengers slow1-0 n1),(P_ARTIFICIAL3001 )
1029,3,69,leave_slow1-0_p0_n8_n1_n0,(passengers slow1-0 n0),(P_ARTIFICIAL3000 )
1030,3,70,board_slow1-0_p3_n8_n1_n2,(boarded p3 slow1-0),(P_ARTIFICIAL3002 )
1031,3,71,board_slow1-0_p3_n4_n1_n2,(passengers slow1-0 n2),(P_ARTIFICIAL3006 )
1032,3,72,board_slow1-0_p1_n5_n1_n2,(boarded p1 slow1-0),(P_ARTIFICIAL3003 )
1033,3,73,board_slow1-0_p0_n5_n1_n2,(boarded p0 slow1-0),(P_ARTIFICIAL3004 )
1034,3,74,board_slow1-0_p2_n5_n1_n2,(boarded p2 slow1-0),(P_ARTIFICIAL3005 )
1035,3,75,board_slow1-0_p1_n5_n0_n1,(passengers slow1-0 n1),(P_ARTIFICIAL3001 )
1036,3,76,board_slow1-0_p3_n5_n0_n1,(passengers slow1-0 n0),(P_ARTIFICIAL3000 )
1037,3,77,board_slow1-0_p0_n5_n0_n1,(passengers slow1-0 n1),(P_ARTIFICIAL3001 )
1038,3,78,board_slow1-0_p1_n5_n0_n1,(passengers slow1-0 n0),(P_ARTIFICIAL3000 )
1039,3,79,board_slow1-0_p1_n6_n0_n1,(passengers slow1-0 n1),(P_ARTIFICIAL3001 )
1040,3,80,board_slow1-0_p0_n5_n0_n1,(passengers slow1-0 n0),(P_ARTIFICIAL3000 )
1041,3,81,board_slow1-0_p0_n6_n0_n1,(passengers slow1-0 n1),(P_ARTIFICIAL3001 )
1042,3,82,board_slow1-0_p1_n6_n0_n1,(passengers slow1-0 n0),(P_ARTIFICIAL3000 )
1043,3,83,board_slow1-0_p3_n5_n0_n1,(boarded p3 slow1-0),(P_ARTIFICIAL3002 )
1044,3,84,board_slow1-0_p1_n4_n1_n2,(passengers slow1-0 n2),(P_ARTIFICIAL3006 )
1045,3,85,board_slow1-0_p1_n6_n1_n2,(boarded p1 slow1-0),(P_ARTIFICIAL3003 )
1046,3,86,board_slow1-0_p0_n6_n1_n2,(boarded p0 slow1-0),(P_ARTIFICIAL3004 )
1047,3,87,board_slow1-0_p2_n6_n1_n2,(boarded p2 slow1-0),(P_ARTIFICIAL3005 )
1048,3,88,board_slow1-0_p1_n8_n0_n1,(passengers slow1-0 n1),(P_ARTIFICIAL3001 )
1049,3,89,board_slow1-0_p0_n6_n0_n1,(passengers slow1-0 n0),(P_ARTIFICIAL3000 )
1050,3,90,board_slow1-0_p0_n8_n0_n1,(passengers slow1-0 n1),(P_ARTIFICIAL3001 )
1051,3,91,board_slow1-0_p1_n8_n0_n1,(passengers slow1-0 n0),(P_ARTIFICIAL3000 )
1052,3,92,board_slow1-0_p3_n5_n1_n2,(passengers slow1-0 n1),(P_ARTIFICIAL3001 )
1053,3,93,board_slow1-0_p0_n8_n0_n1,(passengers slow1-0 n0),(P_ARTIFICIAL3000 )
1054,3,94,board_slow1-0_p1_n5_n1_n2,(passengers slow1-0 n1),(P_ARTIFICIAL3001 )
1055,3,95,board_slow1-0_p3_n5_n1_n2,(passengers slow1-0 n0),(P_ARTIFICIAL3000 )
1056,3,96,board_slow1-0_p0_n5_n1_n2,(passengers slow1-0 n1),(P_ARTIFICIAL3001 )
1057,3,97,board_slow1-0_p1_n5_n1_n2,(passengers slow1-0 n0),(P_ARTIFICIAL3000 )
1058,3,98,board_slow1-0_p3_n5_n1_n2,(boarded p3 slow1-0),(P_ARTIFICIAL3002 )
1059,3,99,board_slow1-0_p0_n4_n1_n2,(passengers slow1-0 n2),(P_ARTIFICIAL3006 )
1060,3,100,board_slow1-0_p1_n8_n1_n2,(boarded p1 slow1-0),(P_ARTIFICIAL3003 )
1061,3,101,board_slow1-0_p0_n8_n1_n2,(boarded p0 slow1-0),(P_ARTIFICIAL3004 )
1062,3,102,board_slow1-0_p2_n8_n1_n2,(boarded p2 slow1-0),(P_ARTIFICIAL3005 )
1063,3,103,board_slow1-0_p1_n6_n1_n2,(passengers slow1-0 n1),(P_ARTIFICIAL3001 )
1064,3,104,board_slow1-0_p0_n5_n1_n2,(passengers slow1-0 n0),(P_ARTIFICIAL3000 )
1065,3,105,board_slow1-0_p0_n6_n1_n2,(passengers slow1-0 n1),(P_ARTIFICIAL3001 )
1066,3,106,board_slow1-0_p1_n6_n1_n2,(passengers slow1-0 n0),(P_ARTIFICIAL3000 )
1067,3,107,board_slow1-0_p1_n8_n1_n2,(passengers slow1-0 n1),(P_ARTIFICIAL3001 )
1068,3,108,board_slow1-0_p0_n6_n1_n2,(passengers slow1-0 n0),(P_ARTIFICIAL3000 )
1069,3,109,board_slow1-0_p0_n8_n1_n2,(passengers slow1-0 n1),(P_ARTIFICIAL3001 )
1070,3,110,board_slow1-0_p1_n8_n1_n2,(passengers slow1-0 n0),(P_ARTIFICIAL3000 )
1071,3,111,leave_slow1-0_p2_n4_n1_n0,(passengers slow1-0 n1),(P_ARTIFICIAL3001 )
1072,3,112,board_slow1-0_p0_n8_n1_n2,(passengers slow1-0 n0),(P_ARTIFICIAL3000 )
1073,3,113,leave_slow1-0_p2_n5_n1_n0,(passengers slow1-0 n1),(P_ARTIFICIAL3001 )
1074,3,114,leave_slow1-0_p2_n4_n1_n0,(passengers slow1-0 n0),(P_ARTIFICIAL3000 )
1075,3,115,leave_slow1-0_p2_n6_n1_n0,(passengers slow1-0 n1),(P_ARTIFICIAL3001 )
1076,3,116,leave_slow1-0_p2_n5_n1_n0,(passengers slow1-0 n0),(P_ARTIFICIAL3000 )
1077,3,117,leave_slow1-0_p2_n8_n1_n0,(passengers slow1-0 n1),(P_ARTIFICIAL3001 )
1078,3,118,leave_slow1-0_p2_n6_n1_n0,(passengers slow1-0 n0),(P_ARTIFICIAL3000 )
1079,3,119,leave_slow1-0_p3_n4_n2_n1,(passengers slow1-0 n1),(P_ARTIFICIAL3001 )
1080,3,120,leave_slow1-0_p2_n8_n1_n0,(passengers slow1-0 n0),(P_ARTIFICIAL3000 )
1081,3,121,leave_slow1-0_p1_n4_n2_n1,(passengers slow1-0 n1),(P_ARTIFICIAL3001 )
1082,3,122,leave_slow1-0_p3_n4_n2_n1,(passengers slow1-0 n0),(P_ARTIFICIAL3000 )
1083,3,123,leave_slow1-0_p0_n4_n2_n1,(passengers slow1-0 n1),(P_ARTIFICIAL3001 )
1084,3,124,leave_slow1-0_p1_n4_n2_n1,(passengers slow1-0 n0),(P_ARTIFICIAL3000 )
1085,3,125,leave_slow1-0_p2_n4_n2_n1,(passengers slow1-0 n1),(P_ARTIFICIAL3001 )
1086,3,126,leave_slow1-0_p0_n4_n2_n1,(passengers slow1-0 n0),(P_ARTIFICIAL3000 )
1087,3,127,leave_slow1-0_p3_n5_n2_n1,(passengers slow1-0 n1),(P_ARTIFICIAL3001 )
1088,3,128,leave_slow1-0_p2_n4_n2_n1,(passengers slow1-0 n0),(P_ARTIFICIAL3000 )
1089,3,129,leave_slow1-0_p1_n5_n2_n1,(passengers slow1-0 n1),(P_ARTIFICIAL3001 )
1090,3,130,leave_slow1-0_p3_n5_n2_n1,(passengers slow1-0 n0),(P_ARTIFICIAL3000 )
1091,3,131,leave_slow1-0_p0_n5_n2_n1,(passengers slow1-0 n1),(P_ARTIFICIAL3001 )
1092,3,132,leave_slow1-0_p1_n5_n2_n1,(passengers slow1-0 n0),(P_ARTIFICIAL3000 )
1093,3,133,leave_slow1-0_p2_n5_n2_n1,(passengers slow1-0 n1),(P_ARTIFICIAL3001 )
1094,3,134,leave_slow1-0_p0_n5_n2_n1,(passengers slow1-0 n0),(P_ARTIFICIAL3000 )
1095,3,135,leave_slow1-0_p3_n6_n2_n1,(passengers slow1-0 n1),(P_ARTIFICIAL3001 )
1096,3,136,leave_slow1-0_p2_n5_n2_n1,(passengers slow1-0 n0),(P_ARTIFICIAL3000 )
1097,3,137,leave_slow1-0_p1_n6_n2_n1,(passengers slow1-0 n1),(P_ARTIFICIAL3001 )
1098,3,138,leave_slow1-0_p3_n6_n2_n1,(passengers slow1-0 n0),(P_ARTIFICIAL3000 )
1099,3,139,leave_slow1-0_p0_n6_n2_n1,(passengers slow1-0 n1),(P_ARTIFICIAL3001 )
1100,3,140,leave_slow1-0_p1_n6_n2_n1,(passengers slow1-0 n0),(P_ARTIFICIAL3000 )
1101,3,141,leave_slow1-0_p2_n6_n2_n1,(passengers slow1-0 n1),(P_ARTIFICIAL3001 )
1102,3,142,leave_slow1-0_p0_n6_n2_n1,(passengers slow1-0 n0),(P_ARTIFICIAL3000 )
1103,3,143,leave_slow1-0_p3_n8_n2_n1,(passengers slow1-0 n1),(P_ARTIFICIAL3001 )
1104,3,144,leave_slow1-0_p2_n6_n2_n1,(passengers slow1-0 n0),(P_ARTIFICIAL3000 )
1105,3,145,leave_slow1-0_p1_n8_n2_n1,(passengers slow1-0 n1),(P_ARTIFICIAL3001 )
1106,3,146,leave_slow1-0_p3_n8_n2_n1,(passengers slow1-0 n0),(P_ARTIFICIAL3000 )
1107,3,147,leave_slow1-0_p0_n8_n2_n1,(passengers slow1-0 n1),(P_ARTIFICIAL3001 )
1108,3,148,leave_slow1-0_p1_n8_n2_n1,(passengers slow1-0 n0),(P_ARTIFICIAL3000 )
1109,3,149,leave_slow1-0_p2_n8_n2_n1,(passengers slow1-0 n1),(P_ARTIFICIAL3001 )
1110,3,150,leave_slow1-0_p0_n8_n2_n1,(passengers slow1-0 n0),(P_ARTIFICIAL3000 )
1111,3,151,board_slow1-0_p2_n4_n0_n1,(passengers slow1-0 n1),(P_ARTIFICIAL3001 )
1112,3,152,leave_slow1-0_p2_n8_n2_n1,(passengers slow1-0 n0),(P_ARTIFICIAL3000 )
1113,3,153,board_slow1-0_p2_n5_n0_n1,(passengers slow1-0 n1),(P_ARTIFICIAL3001 )
1114,3,154,board_slow1-0_p2_n4_n0_n1,(passengers slow1-0 n0),(P_ARTIFICIAL3000 )
1115,3,155,board_slow1-0_p2_n6_n0_n1,(passengers slow1-0 n1),(P_ARTIFICIAL3001 )
1116,3,156,board_slow1-0_p2_n5_n0_n1,(passengers slow1-0 n0),(P_ARTIFICIAL3000 )
1117,3,157,board_slow1-0_p2_n8_n0_n1,(passengers slow1-0 n1),(P_ARTIFICIAL3001 )
1118,3,158,board_slow1-0_p2_n6_n0_n1,(passengers slow1-0 n0),(P_ARTIFICIAL3000 )
1119,3,159,board_slow1-0_p2_n4_n1_n2,(passengers slow1-0 n1),(P_ARTIFICIAL3001 )
1120,3,160,board_slow1-0_p2_n8_n0_n1,(passengers slow1-0 n0),(P_ARTIFICIAL3000 )
1121,3,161,board_slow1-0_p2_n5_n1_n2,(passengers slow1-0 n1),(P_ARTIFICIAL3001 )
1122,3,162,board_slow1-0_p2_n4_n1_n2,(passengers slow1-0 n0),(P_ARTIFICIAL3000 )
1123,3,163,board_slow1-0_p2_n6_n1_n2,(passengers slow1-0 n1),(P_ARTIFICIAL3001 )
1124,3,164,board_slow1-0_p2_n5_n1_n2,(passengers slow1-0 n0),(P_ARTIFICIAL3000 )
1125,3,165,board_slow1-0_p2_n8_n1_n2,(passengers slow1-0 n1),(P_ARTIFICIAL3001 )
1126,3,166,board_slow1-0_p2_n6_n1_n2,(passengers slow1-0 n0),(P_ARTIFICIAL3000 )
1127,3,167,board_slow1-0_p2_n8_n1_n2,(passengers slow1-0 n0),(P_ARTIFICIAL3000 )
1128,3,168,board_slow1-0_p3_n6_n1_n2,(passengers slow1-0 n2),(P_ARTIFICIAL3006 )
1129,3,169,board_slow1-0_p3_n8_n1_n2,(passengers slow1-0 n2),(P_ARTIFICIAL3006 )
1130,3,170,leave_slow1-0_p3_n4_n1_n0,(passengers slow1-0 n2),(P_ARTIFICIAL3006 )
1131,3,171,leave_slow1-0_p1_n4_n1_n0,(passengers slow1-0 n2),(P_ARTIFICIAL3006 )
1132,3,172,leave_slow1-0_p0_n4_n1_n0,(passengers slow1-0 n2),(P_ARTIFICIAL3006 )
1133,3,173,leave_slow1-0_p3_n5_n1_n0,(passengers slow1-0 n2),(P_ARTIFICIAL3006 )
1134,3,174,leave_slow1-0_p1_n5_n1_n0,(passengers slow1-0 n2),(P_ARTIFICIAL3006 )
1135,3,175,leave_slow1-0_p0_n5_n1_n0,(passengers slow1-0 n2),(P_ARTIFICIAL3006 )
1136,3,176,leave_slow1-0_p3_n6_n1_n0,(passengers slow1-0 n2),(P_ARTIFICIAL3006 )
1137,3,177,leave_slow1-0_p1_n6_n1_n0,(passengers slow1-0 n2),(P_ARTIFICIAL3006 )
1138,3,178,leave_slow1-0_p0_n6_n1_n0,(passengers slow1-0 n2),(P_ARTIFICIAL3006 )
1139,3,179,leave_slow1-0_p3_n8_n1_n0,(passengers slow1-0 n2),(P_ARTIFICIAL3006 )
1140,3,180,leave_slow1-0_p1_n8_n1_n0,(passengers slow1-0 n2),(P_ARTIFICIAL3006 )
1141,3,181,leave_slow1-0_p0_n8_n1_n0,(passengers slow1-0 n2),(P_ARTIFICIAL3006 )
1142,3,182,board_slow1-0_p3_n5_n0_n1,(passengers slow1-0 n2),(P_ARTIFICIAL3006 )
1143,3,183,board_slow1-0_p1_n5_n0_n1,(passengers slow1-0 n2),(P_ARTIFICIAL3006 )
1144,3,184,board_slow1-0_p0_n5_n0_n1,(passengers slow1-0 n2),(P_ARTIFICIAL3006 )
1145,3,185,board_slow1-0_p1_n6_n0_n1,(passengers slow1-0 n2),(P_ARTIFICIAL3006 )
1146,3,186,board_slow1-0_p0_n6_n0_n1,(passengers slow1-0 n2),(P_ARTIFICIAL3006 )
1147,3,187,board_slow1-0_p1_n8_n0_n1,(passengers slow1-0 n2),(P_ARTIFICIAL3006 )
1148,3,188,board_slow1-0_p0_n8_n0_n1,(passengers slow1-0 n2),(P_ARTIFICIAL3006 )
1149,3,189,board_slow1-0_p3_n5_n1_n2,(passengers slow1-0 n2),(P_ARTIFICIAL3006 )
1150,3,190,board_slow1-0_p1_n5_n1_n2,(passengers slow1-0 n2),(P_ARTIFICIAL3006 )
1151,3,191,board_slow1-0_p0_n5_n1_n2,(passengers slow1-0 n2),(P_ARTIFICIAL3006 )
1152,3,192,board_slow1-0_p1_n6_n1_n2,(passengers slow1-0 n2),(P_ARTIFICIAL3006 )
1153,3,193,board_slow1-0_p0_n6_n1_n2,(passengers slow1-0 n2),(P_ARTIFICIAL3006 )
1154,3,194,board_slow1-0_p1_n8_n1_n2,(passengers slow1-0 n2),(P_ARTIFICIAL3006 )
1155,3,195,board_slow1-0_p0_n8_n1_n2,(passengers slow1-0 n2),(P_ARTIFICIAL3006 )
1156,3,196,leave_slow1-0_p2_n4_n1_n0,(passengers slow1-0 n2),(P_ARTIFICIAL3006 )
1157,3,197,leave_slow1-0_p2_n5_n1_n0,(passengers slow1-0 n2),(P_ARTIFICIAL3006 )
1158,3,198,leave_slow1-0_p2_n6_n1_n0,(passengers slow1-0 n2),(P_ARTIFICIAL3006 )
1159,3,199,leave_slow1-0_p2_n8_n1_n0,(passengers slow1-0 n2),(P_ARTIFICIAL3006 )
1160,3,200,leave_slow1-0_p3_n4_n2_n1,(passengers slow1-0 n2),(P_ARTIFICIAL3006 )
1161,3,201,leave_slow1-0_p1_n4_n2_n1,(passengers slow1-0 n2),(P_ARTIFICIAL3006 )
1162,3,202,leave_slow1-0_p0_n4_n2_n1,(passengers slow1-0 n2),(P_ARTIFICIAL3006 )
1163,3,203,leave_slow1-0_p2_n4_n2_n1,(passengers slow1-0 n2),(P_ARTIFICIAL3006 )
1164,3,204,leave_slow1-0_p3_n5_n2_n1,(passengers slow1-0 n2),(P_ARTIFICIAL3006 )
1165,3,205,leave_slow1-0_p1_n5_n2_n1,(passengers slow1-0 n2),(P_ARTIFICIAL3006 )
1166,3,206,leave_slow1-0_p0_n5_n2_n1,(passengers slow1-0 n2),(P_ARTIFICIAL3006 )
1167,3,207,leave_slow1-0_p2_n5_n2_n1,(passengers slow1-0 n2),(P_ARTIFICIAL3006 )
1168,3,208,leave_slow1-0_p3_n6_n2_n1,(passengers slow1-0 n2),(P_ARTIFICIAL3006 )
1169,3,209,leave_slow1-0_p1_n6_n2_n1,(passengers slow1-0 n2),(P_ARTIFICIAL3006 )
1170,3,210,leave_slow1-0_p0_n6_n2_n1,(passengers slow1-0 n2),(P_ARTIFICIAL3006 )
1171,3,211,leave_slow1-0_p2_n6_n2_n1,(passengers slow1-0 n2),(P_ARTIFICIAL3006 )
1172,3,212,leave_slow1-0_p3_n8_n2_n1,(passengers slow1-0 n2),(P_ARTIFICIAL3006 )
1173,3,213,leave_slow1-0_p1_n8_n2_n1,(passengers slow1-0 n2),(P_ARTIFICIAL3006 )
1174,3,214,leave_slow1-0_p0_n8_n2_n1,(passengers slow1-0 n2),(P_ARTIFICIAL3006 )
1175,3,215,leave_slow1-0_p2_n8_n2_n1,(passengers slow1-0 n2),(P_ARTIFICIAL3006 )
1176,3,216,board_slow1-0_p2_n4_n0_n1,(passengers slow1-0 n2),(P_ARTIFICIAL3006 )
1177,3,217,board_slow1-0_p2_n5_n0_n1,(passengers slow1-0 n2),(P_ARTIFICIAL3006 )
1178,3,218,board_slow1-0_p2_n6_n0_n1,(passengers slow1-0 n2),(P_ARTIFICIAL3006 )
1179,3,219,board_slow1-0_p2_n8_n0_n1,(passengers slow1-0 n2),(P_ARTIFICIAL3006 )
1180,3,220,board_slow1-0_p2_n4_n1_n2,(passengers slow1-0 n2),(P_ARTIFICIAL3006 )
1181,3,221,board_slow1-0_p2_n5_n1_n2,(passengers slow1-0 n2),(P_ARTIFICIAL3006 )
1182,3,222,board_slow1-0_p2_n6_n1_n2,(passengers slow1-0 n2),(P_ARTIFICIAL3006 )
1183,3,223,board_slow1-0_p2_n8_n1_n2,(passengers slow1-0 n2),(P_ARTIFICIAL3006 )
1184,3,224,leave_slow1-0_p3_n4_n1_n0,(not (boarded p3 slow1-0)),(not (P_ARTIFICIAL3002 ))
1185,3,225,leave_slow1-0_p1_n4_n1_n0,(not (boarded p1 slow1-0)),(not (P_ARTIFICIAL3003 ))
1186,3,226,leave_slow1-0_p0_n4_n1_n0,(not (boarded p0 slow1-0)),(not (P_ARTIFICIAL3004 ))
1187,3,227,leave_slow1-0_p3_n5_n1_n0,(not (boarded p3 slow1-0)),(not (P_ARTIFICIAL3002 ))
1188,3,228,leave_slow1-0_p1_n5_n1_n0,(not (boarded p1 slow1-0)),(not (P_ARTIFICIAL3003 ))
1189,3,229,leave_slow1-0_p0_n5_n1_n0,(not (boarded p0 slow1-0)),(not (P_ARTIFICIAL3004 ))
1190,3,230,leave_slow1-0_p3_n6_n1_n0,(not (boarded p3 slow1-0)),(not (P_ARTIFICIAL3002 ))
1191,3,231,leave_slow1-0_p1_n6_n1_n0,(not (boarded p1 slow1-0)),(not (P_ARTIFICIAL3003 ))
1192,3,232,leave_slow1-0_p0_n6_n1_n0,(not (boarded p0 slow1-0)),(not (P_ARTIFICIAL3004 ))
1193,3,233,leave_slow1-0_p3_n8_n1_n0,(not (boarded p3 slow1-0)),(not (P_ARTIFICIAL3002 ))
1194,3,234,leave_slow1-0_p1_n8_n1_n0,(not (boarded p1 slow1-0)),(not (P_ARTIFICIAL3003 ))
1195,3,235,leave_slow1-0_p0_n8_n1_n0,(not (boarded p0 slow1-0)),(not (P_ARTIFICIAL3004 ))
1196,3,236,leave_slow1-0_p2_n4_n1_n0,(not (boarded p2 slow1-0)),(not (P_ARTIFICIAL3005 ))
1197,3,237,leave_slow1-0_p2_n5_n1_n0,(not (boarded p2 slow1-0)),(not (P_ARTIFICIAL3005 ))
1198,3,238,leave_slow1-0_p2_n6_n1_n0,(not (boarded p2 slow1-0)),(not (P_ARTIFICIAL3005 ))
1199,3,239,leave_slow1-0_p2_n8_n1_n0,(not (boarded p2 slow1-0)),(not (P_ARTIFICIAL3005 ))
1200,3,240,leave_slow1-0_p3_n4_n2_n1,(not (boarded p3 slow1-0)),(not (P_ARTIFICIAL3002 ))
1201,3,241,leave_slow1-0_p1_n4_n2_n1,(not (boarded p1 slow1-0)),(not (P_ARTIFICIAL3003 ))
1202,3,242,leave_slow1-0_p0_n4_n2_n1,(not (boarded p0 slow1-0)),(not (P_ARTIFICIAL3004 ))
1203,3,243,leave_slow1-0_p2_n4_n2_n1,(not (boarded p2 slow1-0)),(not (P_ARTIFICIAL3005 ))
1204,3,244,leave_slow1-0_p3_n5_n2_n1,(not (boarded p3 slow1-0)),(not (P_ARTIFICIAL3002 ))
1205,3,245,leave_slow1-0_p1_n5_n2_n1,(not (boarded p1 slow1-0)),(not (P_ARTIFICIAL3003 ))
1206,3,246,leave_slow1-0_p0_n5_n2_n1,(not (boarded p0 slow1-0)),(not (P_ARTIFICIAL3004 ))
1207,3,247,leave_slow1-0_p2_n5_n2_n1,(not (boarded p2 slow1-0)),(not (P_ARTIFICIAL3005 ))
1208,3,248,leave_slow1-0_p3_n6_n2_n1,(not (boarded p3 slow1-0)),(not (P_ARTIFICIAL3002 ))
1209,3,249,leave_slow1-0_p1_n6_n2_n1,(not (boarded p1 slow1-0)),(not (P_ARTIFICIAL3003 ))
1210,3,250,leave_slow1-0_p0_n6_n2_n1,(not (boarded p0 slow1-0)),(not (P_ARTIFICIAL3004 ))
1211,3,251,leave_slow1-0_p2_n6_n2_n1,(not (boarded p2 slow1-0)),(not (P_ARTIFICIAL3005 ))
1212,3,252,leave_slow1-0_p3_n8_n2_n1,(not (boarded p3 slow1-0)),(not (P_ARTIFICIAL3002 ))
1213,3,253,leave_slow1-0_p1_n8_n2_n1,(not (boarded p1 slow1-0)),(not (P_ARTIFICIAL3003 ))
1214,3,254,leave_slow1-0_p0_n8_n2_n1,(not (boarded p0 slow1-0)),(not (P_ARTIFICIAL3004 ))
1215,3,255,leave_slow1-0_p2_n8_n2_n1,(not (boarded p2 slow1-0)),(not (P_ARTIFICIAL3005 ))
